leg,cart_offset,length,dest,mode,above_16m
testmenu2,0x00800000,0x800,0x0c06fba0,DMA,0
2p-stages,0x00800000,0x800,0x0c193f60,DMA,0
2p-stages,0x00808000,0x800,0x0dfe6d20,DMA,1
2p-stages,0x0080a000,0x800,0x0dfe6d20,DMA,1
2p-stages,0x0080a800,0x800,0x0dfe6d20,DMA,1
2p-stages,0x0080b000,0x800,0x0dfe6d20,DMA,1
2p-stages,0x0080b800,0x800,0x0dfe6d20,DMA,1
2p-stages,0x0080c000,0x800,0x0dfe6d20,DMA,1
2p-stages,0x0080c800,0x800,0x0dfe6d20,DMA,1
2p-stages,0x0080d000,0x800,0x0dfe6d20,DMA,1
2p-stages,0x0080d800,0x800,0x0dfe6d20,DMA,1
2p-stages,0x0080e000,0x800,0x0dfe6d20,DMA,1
2p-stages,0x0080e800,0x800,0x0dfe6d20,DMA,1
2p-stages,0x0080f000,0x800,0x0dfe6d20,DMA,1
2p-stages,0x0080f800,0x800,0x0dfe6d20,DMA,1
2p-stages,0x00810000,0x800,0x0dfe6d20,DMA,1
2p-stages,0x00810800,0x800,0x0dfe6d20,DMA,1
2p-stages,0x00811000,0x800,0x0dfe6d20,DMA,1
2p-stages,0x00811800,0x800,0x0dfe6d20,DMA,1
2p-stages,0x00812000,0x800,0x0dfe6d20,DMA,1
2p-stages,0x00812800,0x800,0x0dfe6d20,DMA,1
2p-stages,0x00813000,0x800,0x0dfe6d20,DMA,1
2p-stages,0x00813800,0x800,0x0dfe6d20,DMA,1
2p-stages,0x00814000,0x800,0x0dfe6d20,DMA,1
2p-stages,0x00814800,0x800,0x0dfe6d20,DMA,1
2p-stages,0x00815000,0x800,0x0dfe6d20,DMA,1
char-fabian,0x00956000,0x6800,0x0ddc2960,DMA,1
char-fabian,0x0095c800,0x5800,0x0dd7d020,DMA,1
char-lili,0x00984800,0xc000,0x0ddc2960,DMA,1
char-mika,0x009d2000,0xc800,0x0ddc2960,DMA,1
2p-stages,0x00a3a000,0xd000,0x0dc278a0,DMA,1
2p-stages,0x00a3a000,0xd000,0x0dc27b00,DMA,1
2p-stages,0x00a3a000,0xd000,0x0dc27b40,DMA,1
2p-stages,0x00a3a000,0xd000,0x0dc27d00,DMA,1
char-baek,0x01740000,0x9800,0x0ddc2960,DMA,1
attract,0x01761800,0x7800,0x0ddc2960,DMA,1
char-baek,0x01769000,0xa800,0x0ddc2960,DMA,1
char-baek,0x01773800,0x8800,0x0ddc2960,DMA,1
char-baek,0x0177c000,0x4800,0x0ddc2960,DMA,1
char-baek,0x01780800,0x9000,0x0ddc2960,DMA,1
char-cuilan,0x01938800,0x9000,0x0dd7d020,DMA,1
char-cuilan,0x01941800,0x2800,0x0dd7d020,DMA,1
char-cuilan,0x01944000,0x9000,0x0dd7d020,DMA,1
char-cuilan,0x0194d000,0x6000,0x0dd7d020,DMA,1
char-cuilan,0x01953000,0xc800,0x0dd7d020,DMA,1
char-cuilan,0x0195f800,0x4000,0x0dd89820,DMA,1
2p-stages,0x01ac0800,0xc800,0x0de4dbe0,DMA,1
2p-stages,0x01acd000,0x31000,0x0de5a3e0,DMA,1
2p-stages,0x01afe000,0x9800,0x0de4dbe0,DMA,1
2p-stages,0x01b07800,0x9800,0x0de573e0,DMA,1
2p-stages,0x01b11000,0x9800,0x0de60be0,DMA,1
2p-stages,0x01b1a800,0x9800,0x0de6a3e0,DMA,1
2p-stages,0x01b24000,0x9800,0x0de73be0,DMA,1
2p-stages,0x01b2d800,0x9800,0x0de7d3e0,DMA,1
2p-stages,0x01b37000,0x4800,0x0de86be0,DMA,1
2p-stages,0x01b3b800,0x9800,0x0de4dbe0,DMA,1
2p-stages,0x01b45000,0x9800,0x0de573e0,DMA,1
2p-stages,0x01b4e800,0x9800,0x0de60be0,DMA,1
char-ernula,0x01b53000,0x9800,0x0de643e0,DMA,1
2p-stages,0x01b58000,0x9800,0x0de6a3e0,DMA,1
char-ernula,0x01b5c800,0x9800,0x0de6dbe0,DMA,1
2p-stages,0x01b61800,0x9800,0x0de73be0,DMA,1
char-ernula,0x01b66000,0x9800,0x0de773e0,DMA,1
2p-stages,0x01b6b000,0x9800,0x0de7d3e0,DMA,1
2p-stages,0x01b74800,0x4800,0x0de86be0,DMA,1
2p-stages,0x01b79000,0x9800,0x0de4dbe0,DMA,1
2p-stages,0x01b82800,0x9800,0x0de573e0,DMA,1
2p-stages,0x01b8c000,0x9800,0x0de60be0,DMA,1
2p-stages,0x01b95800,0x9800,0x0de6a3e0,DMA,1
2p-stages,0x01b9f000,0x9800,0x0de73be0,DMA,1
2p-stages,0x01ba8800,0x9800,0x0de7d3e0,DMA,1
2p-stages,0x01bb2000,0x4800,0x0de86be0,DMA,1
2p-stages,0x01bb6800,0x9800,0x0de4dbe0,DMA,1
2p-stages,0x01bc0000,0x9800,0x0de573e0,DMA,1
2p-stages,0x01bc9800,0x9800,0x0de60be0,DMA,1
2p-stages,0x01bd3000,0x9800,0x0de6a3e0,DMA,1
2p-stages,0x01bdc800,0x9800,0x0de73be0,DMA,1
2p-stages,0x01be6000,0x9800,0x0de7d3e0,DMA,1
2p-stages,0x01bef800,0x4800,0x0de86be0,DMA,1
2p-stages,0x01bf4000,0x9800,0x0de4dbe0,DMA,1
2p-stages,0x01bfd800,0x9800,0x0de573e0,DMA,1
2p-stages,0x01c07000,0x9800,0x0de60be0,DMA,1
2p-stages,0x01c10800,0x9800,0x0de6a3e0,DMA,1
2p-stages,0x01c1a000,0x9800,0x0de73be0,DMA,1
2p-stages,0x01c23800,0x9800,0x0de7d3e0,DMA,1
2p-stages,0x01c2d000,0x4800,0x0de86be0,DMA,1
2p-stages,0x01c31800,0x9800,0x0de4dbe0,DMA,1
2p-stages,0x01c3b000,0x9800,0x0de573e0,DMA,1
2p-stages,0x01c44800,0x9800,0x0de60be0,DMA,1
2p-stages,0x01c4e000,0x9800,0x0de6a3e0,DMA,1
2p-stages,0x01c57800,0x9800,0x0de73be0,DMA,1
2p-stages,0x01c61000,0x9800,0x0de7d3e0,DMA,1
2p-stages,0x01c6a800,0x4800,0x0de86be0,DMA,1
2p-stages,0x01c6f000,0x9800,0x0de4dbe0,DMA,1
2p-stages,0x01c78800,0x9800,0x0de573e0,DMA,1
2p-stages,0x01c82000,0x9800,0x0de60be0,DMA,1
2p-stages,0x01c8b800,0x9800,0x0de6a3e0,DMA,1
2p-stages,0x01c95000,0x9800,0x0de73be0,DMA,1
2p-stages,0x01c9e800,0x9800,0x0de7d3e0,DMA,1
2p-stages,0x01ca8000,0x4800,0x0de86be0,DMA,1
2p-stages,0x01cac800,0x9800,0x0de4dbe0,DMA,1
2p-stages,0x01cb6000,0x9800,0x0de573e0,DMA,1
2p-stages,0x01cbf800,0x9800,0x0de60be0,DMA,1
2p-stages,0x01cc9000,0x9800,0x0de6a3e0,DMA,1
2p-stages,0x01cd2800,0x9800,0x0de73be0,DMA,1
2p-stages,0x01cdc000,0x9800,0x0de7d3e0,DMA,1
2p-stages,0x01ce5800,0x4800,0x0de86be0,DMA,1
2p-stages,0x01cea000,0x9800,0x0de4dbe0,DMA,1
2p-stages,0x01cf3800,0x9800,0x0de573e0,DMA,1
char-ernula,0x01cfd000,0x9800,0x0de60be0,DMA,1
char-ernula,0x01d06800,0x9800,0x0de6a3e0,DMA,1
char-ernula,0x01d10000,0x9800,0x0de73be0,DMA,1
char-ernula,0x01d19800,0x9800,0x0de7d3e0,DMA,1
char-ernula,0x01d23000,0x4800,0x0de86be0,DMA,1
char-ernula,0x01d27800,0x9800,0x0de4dbe0,DMA,1
char-ernula,0x01d31000,0x9800,0x0de573e0,DMA,1
char-ernula,0x01d3a800,0x9800,0x0de60be0,DMA,1
char-ernula,0x01d44000,0x9800,0x0de6a3e0,DMA,1
char-ernula,0x01d4d800,0x9800,0x0de73be0,DMA,1
char-ernula,0x01d57000,0x9800,0x0de7d3e0,DMA,1
char-ernula,0x01d60800,0x4800,0x0de86be0,DMA,1
char-ernula,0x01d65000,0x9800,0x0de4dbe0,DMA,1
char-ernula,0x01d6e800,0x9800,0x0de573e0,DMA,1
char-ernula,0x01d78000,0x9800,0x0de60be0,DMA,1
char-ernula,0x01d81800,0x9800,0x0de6a3e0,DMA,1
char-ernula,0x01d8b000,0x9800,0x0de73be0,DMA,1
char-ernula,0x01d94800,0x9800,0x0de7d3e0,DMA,1
char-ernula,0x01d9e000,0x4800,0x0de86be0,DMA,1
char-ernula,0x01da2800,0x9800,0x0de4dbe0,DMA,1
char-ernula,0x01dac000,0x9800,0x0de573e0,DMA,1
char-ernula,0x01db5800,0x9800,0x0de60be0,DMA,1
char-ernula,0x01dbf000,0x9800,0x0de6a3e0,DMA,1
char-ernula,0x01dc8800,0x9800,0x0de73be0,DMA,1
char-ernula,0x01dd2000,0x9800,0x0de7d3e0,DMA,1
char-ernula,0x01ddb800,0x4800,0x0de86be0,DMA,1
char-ernula,0x01de0000,0x9800,0x0de4dbe0,DMA,1
char-ernula,0x01de9800,0x9800,0x0de573e0,DMA,1
char-ernula,0x01df3000,0x9800,0x0de60be0,DMA,1
char-ernula,0x01dfc800,0x9800,0x0de6a3e0,DMA,1
char-ernula,0x01e06000,0x9800,0x0de73be0,DMA,1
char-ernula,0x01e0f800,0x9800,0x0de7d3e0,DMA,1
char-ernula,0x01e19000,0x4800,0x0de86be0,DMA,1
char-ernula,0x01e1d800,0x9800,0x0de4dbe0,DMA,1
char-ernula,0x01e27000,0x9800,0x0de573e0,DMA,1
char-ernula,0x01e30800,0x9800,0x0de60be0,DMA,1
char-ernula,0x01e3a000,0x9800,0x0de6a3e0,DMA,1
char-ernula,0x01e43800,0x9800,0x0de73be0,DMA,1
char-ernula,0x01e4d000,0x9800,0x0de7d3e0,DMA,1
char-ernula,0x01e56800,0x4800,0x0de86be0,DMA,1
char-ernula,0x01e5b000,0x9800,0x0de4dbe0,DMA,1
char-ernula,0x01e64800,0x9800,0x0de573e0,DMA,1
char-ernula,0x01e6e000,0x3800,0x0de60be0,DMA,1
2p-stages,0x01e76800,0x179800,0x0dbfa600,DMA,1
char-baek,0x02b7d000,0xc800,0x0de4dbe0,DMA,1
char-baek,0x02b89800,0x31000,0x0de5a3e0,DMA,1
char-baek,0x02bba800,0x9800,0x0de4dbe0,DMA,1
char-baek,0x02bc4000,0x9800,0x0de573e0,DMA,1
char-baek,0x02bcd800,0x9800,0x0de60be0,DMA,1
char-baek,0x02bd7000,0x9800,0x0de6a3e0,DMA,1
char-baek,0x02be0800,0x9800,0x0de73be0,DMA,1
char-baek,0x02bea000,0x9800,0x0de7d3e0,DMA,1
char-baek,0x02bf3800,0x4800,0x0de86be0,DMA,1
char-lili,0x02bf4000,0x9800,0x0de663e0,DMA,1
char-baek,0x02bf4000,0x9800,0x0de76be0,DMA,1
char-baek,0x02bf8000,0x9800,0x0de4dbe0,DMA,1
char-lili,0x02bfd800,0x9800,0x0de6fbe0,DMA,1
char-baek,0x02bfd800,0x9800,0x0de803e0,DMA,1
char-baek,0x02c01800,0x9800,0x0de573e0,DMA,1
char-lili,0x02c07000,0x9800,0x0de793e0,DMA,1
char-baek,0x02c07000,0x1800,0x0de89be0,DMA,1
char-baek,0x02c08800,0x9800,0x0de4dbe0,DMA,1
char-baek,0x02c0b000,0x9800,0x0de60be0,DMA,1
char-lili,0x02c10800,0x8800,0x0de82be0,DMA,1
char-baek,0x02c12000,0x9800,0x0de573e0,DMA,1
char-baek,0x02c14800,0x9800,0x0de6a3e0,DMA,1
char-lili,0x02c19000,0x9800,0x0de4dbe0,DMA,1
char-baek,0x02c1b800,0x9800,0x0de60be0,DMA,1
char-baek,0x02c1e000,0x9800,0x0de73be0,DMA,1
char-baek,0x02c25000,0x9800,0x0de6a3e0,DMA,1
char-baek,0x02c27800,0x9800,0x0de7d3e0,DMA,1
char-baek,0x02c2e800,0x9800,0x0de73be0,DMA,1
char-baek,0x02c31000,0x4800,0x0de86be0,DMA,1
char-baek,0x02c35800,0x9800,0x0de4dbe0,DMA,1
char-baek,0x02c38000,0x9800,0x0de7d3e0,DMA,1
char-baek,0x02c3f000,0x9800,0x0de573e0,DMA,1
char-baek,0x02c41800,0x4800,0x0de86be0,DMA,1
char-baek,0x02c46000,0x9800,0x0de4dbe0,DMA,1
char-baek,0x02c48800,0x9800,0x0de60be0,DMA,1
char-baek,0x02c4f800,0x9800,0x0de573e0,DMA,1
char-baek,0x02c52000,0x9800,0x0de6a3e0,DMA,1
char-baek,0x02c59000,0x9800,0x0de60be0,DMA,1
char-baek,0x02c5b800,0x9800,0x0de73be0,DMA,1
char-baek,0x02c62800,0x9800,0x0de6a3e0,DMA,1
char-baek,0x02c65000,0x9800,0x0de7d3e0,DMA,1
char-baek,0x02c6c000,0x9800,0x0de73be0,DMA,1
char-baek,0x02c6e800,0x4800,0x0de86be0,DMA,1
char-baek,0x02c73000,0x9800,0x0de4dbe0,DMA,1
char-baek,0x02c75800,0x9800,0x0de7d3e0,DMA,1
char-baek,0x02c7c800,0x9800,0x0de573e0,DMA,1
char-baek,0x02c7f000,0x4800,0x0de86be0,DMA,1
char-baek,0x02c83800,0x9800,0x0de4dbe0,DMA,1
char-baek,0x02c86000,0x9800,0x0de60be0,DMA,1
char-baek,0x02c8d000,0x9800,0x0de573e0,DMA,1
char-baek,0x02c8f800,0x9800,0x0de6a3e0,DMA,1
char-baek,0x02c96800,0x9800,0x0de60be0,DMA,1
char-baek,0x02c99000,0x9800,0x0de73be0,DMA,1
char-baek,0x02ca0000,0x9800,0x0de6a3e0,DMA,1
char-baek,0x02ca2800,0x9800,0x0de7d3e0,DMA,1
char-baek,0x02ca9800,0x9800,0x0de73be0,DMA,1
char-baek,0x02cac000,0x4800,0x0de86be0,DMA,1
char-baek,0x02cb0800,0x9800,0x0de4dbe0,DMA,1
char-baek,0x02cb3000,0x9800,0x0de7d3e0,DMA,1
char-baek,0x02cba000,0x9800,0x0de573e0,DMA,1
char-baek,0x02cbc800,0x4800,0x0de86be0,DMA,1
char-baek,0x02cc1000,0x9800,0x0de4dbe0,DMA,1
char-baek,0x02cc3800,0x9800,0x0de60be0,DMA,1
char-baek,0x02cca800,0x9800,0x0de573e0,DMA,1
char-baek,0x02ccd000,0x9800,0x0de6a3e0,DMA,1
char-baek,0x02cd4000,0x9800,0x0de60be0,DMA,1
char-baek,0x02cd6800,0x9800,0x0de73be0,DMA,1
char-baek,0x02cdd800,0x9800,0x0de6a3e0,DMA,1
char-baek,0x02ce0000,0x9800,0x0de7d3e0,DMA,1
char-baek,0x02ce7000,0x9800,0x0de73be0,DMA,1
char-baek,0x02ce9800,0x4800,0x0de86be0,DMA,1
char-baek,0x02cee000,0x9800,0x0de4dbe0,DMA,1
char-baek,0x02cf0800,0x9800,0x0de7d3e0,DMA,1
char-baek,0x02cf7800,0x9800,0x0de573e0,DMA,1
char-baek,0x02cfa000,0x4800,0x0de86be0,DMA,1
char-baek,0x02cfe800,0x9800,0x0de4dbe0,DMA,1
char-baek,0x02d01000,0x9800,0x0de60be0,DMA,1
char-baek,0x02d08000,0x9800,0x0de573e0,DMA,1
char-baek,0x02d0a800,0x9800,0x0de6a3e0,DMA,1
char-baek,0x02d11800,0x9800,0x0de60be0,DMA,1
char-baek,0x02d14000,0x9800,0x0de73be0,DMA,1
char-baek,0x02d1b000,0x9800,0x0de6a3e0,DMA,1
char-baek,0x02d1d800,0x9800,0x0de7d3e0,DMA,1
char-baek,0x02d24800,0x9800,0x0de73be0,DMA,1
char-baek,0x02d27000,0x4800,0x0de86be0,DMA,1
char-baek,0x02d2b800,0x9800,0x0de4dbe0,DMA,1
char-baek,0x02d2e000,0x9800,0x0de7d3e0,DMA,1
char-baek,0x02d35000,0x9800,0x0de573e0,DMA,1
char-baek,0x02d37800,0x4800,0x0de86be0,DMA,1
char-baek,0x02d3c000,0x9800,0x0de4dbe0,DMA,1
char-baek,0x02d3e800,0x9800,0x0de60be0,DMA,1
char-baek,0x02d45800,0x9800,0x0de573e0,DMA,1
char-baek,0x02d48000,0x9800,0x0de6a3e0,DMA,1
char-baek,0x02d4f000,0x9800,0x0de60be0,DMA,1
char-baek,0x02d51800,0x9800,0x0de73be0,DMA,1
char-baek,0x02d58800,0x9800,0x0de6a3e0,DMA,1
char-baek,0x02d5b000,0x9800,0x0de7d3e0,DMA,1
char-baek,0x02d62000,0x9800,0x0de73be0,DMA,1
char-baek,0x02d64800,0x4800,0x0de86be0,DMA,1
char-baek,0x02d69000,0x9800,0x0de4dbe0,DMA,1
char-baek,0x02d6b800,0x9800,0x0de7d3e0,DMA,1
char-baek,0x02d72800,0x9800,0x0de573e0,DMA,1
char-baek,0x02d75000,0x4800,0x0de86be0,DMA,1
char-baek,0x02d79800,0x9800,0x0de4dbe0,DMA,1
char-baek,0x02d7c000,0x9800,0x0de60be0,DMA,1
char-baek,0x02d83000,0x9800,0x0de573e0,DMA,1
char-baek,0x02d85800,0x9800,0x0de6a3e0,DMA,1
char-baek,0x02d8c800,0x9800,0x0de60be0,DMA,1
char-baek,0x02d8f000,0x9800,0x0de73be0,DMA,1
char-baek,0x02d96000,0x9800,0x0de6a3e0,DMA,1
char-baek,0x02d98800,0x9800,0x0de7d3e0,DMA,1
char-lili,0x02d9f800,0x9800,0x0de73be0,DMA,1
char-baek,0x02da2000,0x4800,0x0de86be0,DMA,1
char-baek,0x02da6800,0x9800,0x0de4dbe0,DMA,1
char-lili,0x02da9000,0x9800,0x0de7d3e0,DMA,1
char-baek,0x02db0000,0x9800,0x0de573e0,DMA,1
char-lili,0x02db2800,0x4800,0x0de86be0,DMA,1
char-lili,0x02db7000,0x9800,0x0de4dbe0,DMA,1
char-baek,0x02db9800,0x9800,0x0de60be0,DMA,1
char-lili,0x02dc0800,0x9800,0x0de573e0,DMA,1
char-baek,0x02dc3000,0x9800,0x0de6a3e0,DMA,1
char-lili,0x02dca000,0x5800,0x0de60be0,DMA,1
char-baek,0x02dcc800,0x3000,0x0de73be0,DMA,1
char-fabian,0x02dd9800,0x6000,0x0ddc2960,DMA,1
char-fabian,0x02ddf800,0xb000,0x0ddc2960,DMA,1
char-karel,0x02f44800,0xa000,0x0dd7d020,DMA,1
char-karel,0x02f4e800,0xa800,0x0dd7d020,DMA,1
2p-stages,0x03006800,0xc800,0x0de4dbe0,DMA,1
2p-stages,0x03013000,0x31000,0x0de5a3e0,DMA,1
2p-stages,0x03044000,0x9800,0x0de4dbe0,DMA,1
2p-stages,0x0304d800,0x9800,0x0de573e0,DMA,1
2p-stages,0x03057000,0x9800,0x0de60be0,DMA,1
2p-stages,0x03060800,0x9800,0x0de6a3e0,DMA,1
2p-stages,0x0306a000,0x9800,0x0de73be0,DMA,1
2p-stages,0x03073800,0x9800,0x0de7d3e0,DMA,1
2p-stages,0x0307d000,0x4800,0x0de86be0,DMA,1
2p-stages,0x03081800,0x9800,0x0de4dbe0,DMA,1
2p-stages,0x0308b000,0x9800,0x0de573e0,DMA,1
char-baek,0x0308f000,0x9800,0x0de733e0,DMA,1
2p-stages,0x03094800,0x9800,0x0de60be0,DMA,1
char-baek,0x03098800,0x9800,0x0de7cbe0,DMA,1
2p-stages,0x0309e000,0x9800,0x0de6a3e0,DMA,1
char-baek,0x030a2000,0x5000,0x0de863e0,DMA,1
char-baek,0x030a7000,0x9800,0x0de4dbe0,DMA,1
2p-stages,0x030a7800,0x9800,0x0de73be0,DMA,1
char-baek,0x030b0800,0x9800,0x0de573e0,DMA,1
2p-stages,0x030b1000,0x9800,0x0de7d3e0,DMA,1
char-baek,0x030ba000,0x9800,0x0de60be0,DMA,1
2p-stages,0x030ba800,0x4800,0x0de86be0,DMA,1
2p-stages,0x030bf000,0x9800,0x0de4dbe0,DMA,1
char-baek,0x030c3800,0x9800,0x0de6a3e0,DMA,1
2p-stages,0x030c8800,0x9800,0x0de573e0,DMA,1
char-baek,0x030cd000,0x9800,0x0de73be0,DMA,1
2p-stages,0x030d2000,0x9800,0x0de60be0,DMA,1
char-baek,0x030d6800,0x9800,0x0de7d3e0,DMA,1
2p-stages,0x030db800,0x9800,0x0de6a3e0,DMA,1
char-baek,0x030e0000,0x4800,0x0de86be0,DMA,1
char-baek,0x030e4800,0x9800,0x0de4dbe0,DMA,1
2p-stages,0x030e5000,0x9800,0x0de73be0,DMA,1
char-cuilan,0x030ee000,0x9800,0x0de573e0,DMA,1
2p-stages,0x030ee800,0x9800,0x0de7d3e0,DMA,1
char-cuilan,0x030f7800,0x9800,0x0de60be0,DMA,1
2p-stages,0x030f8000,0x4800,0x0de86be0,DMA,1
2p-stages,0x030fc800,0x9800,0x0de4dbe0,DMA,1
char-cuilan,0x03101000,0x9800,0x0de6a3e0,DMA,1
2p-stages,0x03106000,0x9800,0x0de573e0,DMA,1
char-cuilan,0x0310a800,0x9800,0x0de73be0,DMA,1
2p-stages,0x0310f800,0x9800,0x0de60be0,DMA,1
char-cuilan,0x03114000,0x9800,0x0de7d3e0,DMA,1
2p-stages,0x03119000,0x9800,0x0de6a3e0,DMA,1
char-cuilan,0x0311d800,0x4800,0x0de86be0,DMA,1
char-cuilan,0x03122000,0x9800,0x0de4dbe0,DMA,1
2p-stages,0x03122800,0x9800,0x0de73be0,DMA,1
char-cuilan,0x0312b800,0x9800,0x0de573e0,DMA,1
2p-stages,0x0312c000,0x9800,0x0de7d3e0,DMA,1
char-cuilan,0x03135000,0x9800,0x0de60be0,DMA,1
2p-stages,0x03135800,0x4800,0x0de86be0,DMA,1
2p-stages,0x0313a000,0x9800,0x0de4dbe0,DMA,1
char-cuilan,0x0313e800,0x9800,0x0de6a3e0,DMA,1
2p-stages,0x03143800,0x9800,0x0de573e0,DMA,1
char-cuilan,0x03148000,0x9800,0x0de73be0,DMA,1
2p-stages,0x0314d000,0x9800,0x0de60be0,DMA,1
char-cuilan,0x03151800,0x9800,0x0de7d3e0,DMA,1
2p-stages,0x03156800,0x9800,0x0de6a3e0,DMA,1
char-cuilan,0x0315b000,0x4800,0x0de86be0,DMA,1
char-cuilan,0x0315f800,0x9800,0x0de4dbe0,DMA,1
2p-stages,0x03160000,0x9800,0x0de73be0,DMA,1
char-cuilan,0x03169000,0x9800,0x0de573e0,DMA,1
2p-stages,0x03169800,0x9800,0x0de7d3e0,DMA,1
char-cuilan,0x03172800,0x9800,0x0de60be0,DMA,1
2p-stages,0x03173000,0x4800,0x0de86be0,DMA,1
2p-stages,0x03177800,0x9800,0x0de4dbe0,DMA,1
char-cuilan,0x0317c000,0x9800,0x0de6a3e0,DMA,1
2p-stages,0x03181000,0x9800,0x0de573e0,DMA,1
char-cuilan,0x03185800,0x9800,0x0de73be0,DMA,1
2p-stages,0x0318a800,0x9800,0x0de60be0,DMA,1
char-cuilan,0x0318f000,0x9800,0x0de7d3e0,DMA,1
2p-stages,0x03194000,0x9800,0x0de6a3e0,DMA,1
char-cuilan,0x03198800,0x4800,0x0de86be0,DMA,1
char-cuilan,0x0319d000,0x9800,0x0de4dbe0,DMA,1
2p-stages,0x0319d800,0x9800,0x0de73be0,DMA,1
char-cuilan,0x031a6800,0x9800,0x0de573e0,DMA,1
2p-stages,0x031a7000,0x9800,0x0de7d3e0,DMA,1
char-cuilan,0x031b0000,0x9800,0x0de60be0,DMA,1
2p-stages,0x031b0800,0x4800,0x0de86be0,DMA,1
2p-stages,0x031b5000,0x9800,0x0de4dbe0,DMA,1
char-cuilan,0x031b9800,0x9800,0x0de6a3e0,DMA,1
2p-stages,0x031be800,0x9800,0x0de573e0,DMA,1
char-cuilan,0x031c3000,0x9800,0x0de73be0,DMA,1
2p-stages,0x031c8000,0x9800,0x0de60be0,DMA,1
char-cuilan,0x031cc800,0x9800,0x0de7d3e0,DMA,1
2p-stages,0x031d1800,0x9800,0x0de6a3e0,DMA,1
char-cuilan,0x031d6000,0x4800,0x0de86be0,DMA,1
char-cuilan,0x031da800,0x9800,0x0de4dbe0,DMA,1
2p-stages,0x031db000,0x9800,0x0de73be0,DMA,1
char-cuilan,0x031e4000,0x9800,0x0de573e0,DMA,1
2p-stages,0x031e4800,0x9800,0x0de7d3e0,DMA,1
char-cuilan,0x031ed800,0x9800,0x0de60be0,DMA,1
2p-stages,0x031ee000,0x4800,0x0de86be0,DMA,1
2p-stages,0x031f2800,0x9800,0x0de4dbe0,DMA,1
char-cuilan,0x031f7000,0x9800,0x0de6a3e0,DMA,1
2p-stages,0x031fc000,0x9800,0x0de573e0,DMA,1
char-cuilan,0x03200800,0x9800,0x0de73be0,DMA,1
2p-stages,0x03205800,0x9800,0x0de60be0,DMA,1
char-cuilan,0x0320a000,0x9800,0x0de7d3e0,DMA,1
2p-stages,0x0320f000,0x9800,0x0de6a3e0,DMA,1
char-cuilan,0x03213800,0x4800,0x0de86be0,DMA,1
char-cuilan,0x03218000,0x9800,0x0de4dbe0,DMA,1
2p-stages,0x03218800,0x9800,0x0de73be0,DMA,1
char-cuilan,0x03221800,0x9800,0x0de573e0,DMA,1
2p-stages,0x03222000,0x9800,0x0de7d3e0,DMA,1
char-cuilan,0x0322b000,0x9800,0x0de60be0,DMA,1
2p-stages,0x0322b800,0x4800,0x0de86be0,DMA,1
2p-stages,0x03230000,0x9800,0x0de4dbe0,DMA,1
char-cuilan,0x03234800,0x9800,0x0de6a3e0,DMA,1
char-baek,0x03239800,0x9800,0x0de573e0,DMA,1
char-cuilan,0x0323e000,0x9800,0x0de73be0,DMA,1
char-baek,0x03243000,0x9800,0x0de60be0,DMA,1
char-cuilan,0x03247800,0x9800,0x0de7d3e0,DMA,1
char-baek,0x0324c800,0x9800,0x0de6a3e0,DMA,1
char-cuilan,0x03251000,0x4800,0x0de86be0,DMA,1
char-cuilan,0x03255800,0x9800,0x0de4dbe0,DMA,1
char-baek,0x03256000,0x9800,0x0de73be0,DMA,1
char-cuilan,0x0325f000,0x9800,0x0de573e0,DMA,1
char-baek,0x0325f800,0x9800,0x0de7d3e0,DMA,1
char-cuilan,0x03268800,0x9800,0x0de60be0,DMA,1
char-baek,0x03269000,0x4800,0x0de86be0,DMA,1
char-baek,0x0326d800,0x9800,0x0de4dbe0,DMA,1
char-cuilan,0x03272000,0x9800,0x0de6a3e0,DMA,1
char-baek,0x03277000,0x9800,0x0de573e0,DMA,1
char-cuilan,0x0327b800,0x9800,0x0de73be0,DMA,1
char-baek,0x03280800,0x9800,0x0de60be0,DMA,1
char-cuilan,0x03285000,0x9800,0x0de7d3e0,DMA,1
char-baek,0x0328a000,0x9800,0x0de6a3e0,DMA,1
char-cuilan,0x0328e800,0x4800,0x0de86be0,DMA,1
char-cuilan,0x03293000,0x9800,0x0de4dbe0,DMA,1
char-baek,0x03293800,0x9800,0x0de73be0,DMA,1
char-cuilan,0x0329c800,0x9800,0x0de573e0,DMA,1
char-baek,0x0329d000,0x9800,0x0de7d3e0,DMA,1
char-cuilan,0x032a6000,0x9800,0x0de60be0,DMA,1
char-baek,0x032a6800,0x4800,0x0de86be0,DMA,1
char-baek,0x032ab000,0x9800,0x0de4dbe0,DMA,1
char-cuilan,0x032af800,0x9800,0x0de6a3e0,DMA,1
char-baek,0x032b4800,0x9800,0x0de573e0,DMA,1
char-cuilan,0x032b9000,0x9800,0x0de73be0,DMA,1
char-baek,0x032be000,0x9800,0x0de60be0,DMA,1
char-cuilan,0x032c2800,0x9800,0x0de7d3e0,DMA,1
char-baek,0x032c7800,0x9800,0x0de6a3e0,DMA,1
char-cuilan,0x032cc000,0x4800,0x0de86be0,DMA,1
char-cuilan,0x032d0800,0x9800,0x0de4dbe0,DMA,1
char-baek,0x032d1000,0x9800,0x0de73be0,DMA,1
char-cuilan,0x032da000,0x9800,0x0de573e0,DMA,1
char-baek,0x032da800,0x9800,0x0de7d3e0,DMA,1
char-cuilan,0x032e3800,0x9800,0x0de60be0,DMA,1
char-baek,0x032e4000,0x4800,0x0de86be0,DMA,1
char-baek,0x032e8800,0x9800,0x0de4dbe0,DMA,1
char-cuilan,0x032ed000,0x9800,0x0de6a3e0,DMA,1
char-baek,0x032f2000,0x9800,0x0de573e0,DMA,1
char-cuilan,0x032f6800,0x9800,0x0de73be0,DMA,1
char-baek,0x032fb800,0x9800,0x0de60be0,DMA,1
char-cuilan,0x03300000,0x9800,0x0de7d3e0,DMA,1
char-baek,0x03305000,0x9800,0x0de6a3e0,DMA,1
char-cuilan,0x03309800,0x4800,0x0de86be0,DMA,1
char-cuilan,0x0330e000,0x9800,0x0de4dbe0,DMA,1
char-baek,0x0330e800,0x9800,0x0de73be0,DMA,1
char-cuilan,0x03317800,0x9800,0x0de573e0,DMA,1
char-baek,0x03318000,0x9800,0x0de7d3e0,DMA,1
char-cuilan,0x03321000,0x9800,0x0de60be0,DMA,1
char-baek,0x03321800,0x4800,0x0de86be0,DMA,1
char-baek,0x03326000,0x9800,0x0de4dbe0,DMA,1
char-cuilan,0x0332a800,0x9800,0x0de6a3e0,DMA,1
char-baek,0x0332f800,0x9800,0x0de573e0,DMA,1
char-cuilan,0x03334000,0x9800,0x0de73be0,DMA,1
char-baek,0x03339000,0x9800,0x0de60be0,DMA,1
char-cuilan,0x0333d800,0x9800,0x0de7d3e0,DMA,1
char-baek,0x03342800,0x9800,0x0de6a3e0,DMA,1
char-cuilan,0x03347000,0x4800,0x0de86be0,DMA,1
char-cuilan,0x0334b800,0x9800,0x0de4dbe0,DMA,1
char-baek,0x0334c000,0x9800,0x0de73be0,DMA,1
char-cuilan,0x03355000,0x9800,0x0de573e0,DMA,1
char-baek,0x03355800,0x9800,0x0de7d3e0,DMA,1
char-cuilan,0x0335e800,0x9800,0x0de60be0,DMA,1
char-baek,0x0335f000,0x4800,0x0de86be0,DMA,1
char-baek,0x03363800,0x9800,0x0de4dbe0,DMA,1
char-cuilan,0x03368000,0x9800,0x0de6a3e0,DMA,1
char-baek,0x0336d000,0x9800,0x0de573e0,DMA,1
char-cuilan,0x03371800,0x9800,0x0de73be0,DMA,1
char-baek,0x03376800,0x9800,0x0de60be0,DMA,1
char-cuilan,0x0337b000,0x9800,0x0de7d3e0,DMA,1
char-baek,0x03380000,0x9800,0x0de6a3e0,DMA,1
char-cuilan,0x03384800,0x4800,0x0de86be0,DMA,1
char-cuilan,0x03389000,0x9800,0x0de4dbe0,DMA,1
char-baek,0x03389800,0x9800,0x0de73be0,DMA,1
char-cuilan,0x03392800,0x9800,0x0de573e0,DMA,1
char-baek,0x03393000,0x9800,0x0de7d3e0,DMA,1
char-cuilan,0x0339c000,0x9800,0x0de60be0,DMA,1
char-baek,0x0339c800,0x4800,0x0de86be0,DMA,1
char-baek,0x033a1000,0x9800,0x0de4dbe0,DMA,1
char-cuilan,0x033a5800,0x9800,0x0de6a3e0,DMA,1
char-baek,0x033aa800,0x9800,0x0de573e0,DMA,1
char-baek,0x033b4000,0x9800,0x0de60be0,DMA,1
char-baek,0x033bd800,0x9800,0x0de6a3e0,DMA,1
char-baek,0x033c7000,0x9800,0x0de73be0,DMA,1
char-baek,0x033d0800,0x9800,0x0de7d3e0,DMA,1
char-baek,0x033da000,0x4800,0x0de86be0,DMA,1
char-baek,0x033de800,0x9800,0x0de4dbe0,DMA,1
char-baek,0x033e8000,0x9800,0x0de573e0,DMA,1
char-baek,0x033f1800,0x9800,0x0de60be0,DMA,1
char-baek,0x033fb000,0x9000,0x0de6a3e0,DMA,1
char-fabian,0x03418000,0xa800,0x0ddc2960,DMA,1
char-fabian,0x03452800,0x3800,0x0ddc2960,DMA,1
2p-stages,0x03456000,0xd800,0x0de7dc00,DMA,1
testmenu2,0x03456000,0xd800,0x0de7dc80,DMA,1
char-karel,0x03463800,0x4800,0x0ddc2960,DMA,1
char-karel,0x03468000,0xc000,0x0ddc2960,DMA,1
char-karel,0x03474000,0x5000,0x0ddc2960,DMA,1
char-ernula,0x03647000,0x3800,0x0dd7d020,DMA,1
char-ernula,0x0364a800,0x4800,0x0dd7d020,DMA,1
char-ernula,0x0364f000,0x4000,0x0dd7d020,DMA,1
2p-stages,0x036cf800,0xc800,0x0de4dbe0,DMA,1
2p-stages,0x036dc000,0x31000,0x0de5a3e0,DMA,1
2p-stages,0x0370d000,0x9800,0x0de4dbe0,DMA,1
2p-stages,0x03716800,0x9800,0x0de573e0,DMA,1
2p-stages,0x03720000,0x9800,0x0de60be0,DMA,1
2p-stages,0x03729800,0x9800,0x0de6a3e0,DMA,1
2p-stages,0x03733000,0x9800,0x0de73be0,DMA,1
2p-stages,0x0373c800,0x9800,0x0de7d3e0,DMA,1
2p-stages,0x03746000,0x4800,0x0de86be0,DMA,1
2p-stages,0x0374a800,0x9800,0x0de4dbe0,DMA,1
2p-stages,0x03754000,0x9800,0x0de573e0,DMA,1
2p-stages,0x0375d800,0x9800,0x0de60be0,DMA,1
2p-stages,0x03767000,0x9800,0x0de6a3e0,DMA,1
2p-stages,0x03770800,0x9800,0x0de73be0,DMA,1
2p-stages,0x0377a000,0x9800,0x0de7d3e0,DMA,1
2p-stages,0x03783800,0x4800,0x0de86be0,DMA,1
2p-stages,0x03788000,0x9800,0x0de4dbe0,DMA,1
2p-stages,0x03791800,0x9800,0x0de573e0,DMA,1
2p-stages,0x0379b000,0x9800,0x0de60be0,DMA,1
2p-stages,0x037a4800,0x9800,0x0de6a3e0,DMA,1
2p-stages,0x037ae000,0x9800,0x0de73be0,DMA,1
2p-stages,0x037b7800,0x9800,0x0de7d3e0,DMA,1
2p-stages,0x037c1000,0x4800,0x0de86be0,DMA,1
2p-stages,0x037c5800,0x9800,0x0de4dbe0,DMA,1
2p-stages,0x037cf000,0x9800,0x0de573e0,DMA,1
2p-stages,0x037d8800,0x9800,0x0de60be0,DMA,1
2p-stages,0x037e2000,0x9800,0x0de6a3e0,DMA,1
2p-stages,0x037eb800,0x9800,0x0de73be0,DMA,1
2p-stages,0x037f5000,0x9800,0x0de7d3e0,DMA,1
2p-stages,0x037fe800,0x4800,0x0de86be0,DMA,1
2p-stages,0x03803000,0x9800,0x0de4dbe0,DMA,1
2p-stages,0x0380c800,0x9800,0x0de573e0,DMA,1
2p-stages,0x03816000,0x9800,0x0de60be0,DMA,1
2p-stages,0x0381f800,0x9800,0x0de6a3e0,DMA,1
2p-stages,0x03829000,0x9800,0x0de73be0,DMA,1
2p-stages,0x03832800,0x9800,0x0de7d3e0,DMA,1
2p-stages,0x0383c000,0x4800,0x0de86be0,DMA,1
2p-stages,0x03840800,0x9800,0x0de4dbe0,DMA,1
2p-stages,0x0384a000,0x9800,0x0de573e0,DMA,1
2p-stages,0x03853800,0x9800,0x0de60be0,DMA,1
2p-stages,0x0385d000,0x9800,0x0de6a3e0,DMA,1
2p-stages,0x03866800,0x9800,0x0de73be0,DMA,1
2p-stages,0x03870000,0x9800,0x0de7d3e0,DMA,1
2p-stages,0x03879800,0x4800,0x0de86be0,DMA,1
2p-stages,0x0387e000,0x9800,0x0de4dbe0,DMA,1
2p-stages,0x03887800,0x9800,0x0de573e0,DMA,1
2p-stages,0x03891000,0x9800,0x0de60be0,DMA,1
2p-stages,0x0389a800,0x9800,0x0de6a3e0,DMA,1
2p-stages,0x038a4000,0x9800,0x0de73be0,DMA,1
2p-stages,0x038ad800,0x9800,0x0de7d3e0,DMA,1
2p-stages,0x038b7000,0x4800,0x0de86be0,DMA,1
2p-stages,0x038bb800,0x9800,0x0de4dbe0,DMA,1
2p-stages,0x038c5000,0x9800,0x0de573e0,DMA,1
2p-stages,0x038ce800,0x9800,0x0de60be0,DMA,1
2p-stages,0x038d8000,0x9800,0x0de6a3e0,DMA,1
2p-stages,0x038e1800,0x9800,0x0de73be0,DMA,1
2p-stages,0x038eb000,0x9800,0x0de7d3e0,DMA,1
char-karel,0x04146000,0x9000,0x0ddc2960,DMA,1
char-lili,0x04172000,0x2800,0x0ddc2960,DMA,1
char-lili,0x04174800,0x4000,0x0ddc2960,DMA,1
char-lili,0x04178800,0xc000,0x0ddc2960,DMA,1
char-lili,0x04184800,0x1000,0x0ddc2960,DMA,1
char-fabian,0x042e2800,0x1800,0x0dd7d020,DMA,1
char-mika,0x042f1000,0x2800,0x0dd7d020,DMA,1
char-mika,0x042f3800,0x7000,0x0dd7d020,DMA,1
char-mika,0x042fa800,0xa800,0x0dd7d020,DMA,1
char-mika,0x04305000,0xc800,0x0dd7d020,DMA,1
char-mika,0x04311800,0x3000,0x0dd89820,DMA,1
2p-stages,0x0433c000,0x9800,0x0dd5ba00,DMA,1
char-lili,0x04385800,0x8800,0x0ddc2960,DMA,1
char-lili,0x043d3000,0x5000,0x0ddc2960,DMA,1
2p-stages,0x043df800,0xc800,0x0de4dbe0,DMA,1
2p-stages,0x043ec000,0x31000,0x0de5a3e0,DMA,1
2p-stages,0x0441d000,0x9800,0x0de4dbe0,DMA,1
2p-stages,0x04426800,0x9800,0x0de573e0,DMA,1
2p-stages,0x04430000,0x9800,0x0de60be0,DMA,1
2p-stages,0x04439800,0x9800,0x0de6a3e0,DMA,1
2p-stages,0x04443000,0x9800,0x0de73be0,DMA,1
2p-stages,0x0444c800,0x9800,0x0de7d3e0,DMA,1
2p-stages,0x04456000,0x4800,0x0de86be0,DMA,1
2p-stages,0x0445a800,0x9800,0x0de4dbe0,DMA,1
2p-stages,0x04464000,0x9800,0x0de573e0,DMA,1
2p-stages,0x0446d800,0x9800,0x0de60be0,DMA,1
2p-stages,0x04477000,0x9800,0x0de6a3e0,DMA,1
2p-stages,0x04480800,0x9800,0x0de73be0,DMA,1
2p-stages,0x0448a000,0x9800,0x0de7d3e0,DMA,1
2p-stages,0x04493800,0x4800,0x0de86be0,DMA,1
2p-stages,0x04498000,0x9800,0x0de4dbe0,DMA,1
2p-stages,0x044a1800,0x9800,0x0de573e0,DMA,1
2p-stages,0x044ab000,0x9800,0x0de60be0,DMA,1
2p-stages,0x044b4800,0x9800,0x0de6a3e0,DMA,1
2p-stages,0x044be000,0x9800,0x0de73be0,DMA,1
2p-stages,0x044c7800,0x9800,0x0de7d3e0,DMA,1
2p-stages,0x044d1000,0x4800,0x0de86be0,DMA,1
2p-stages,0x044d5800,0x9800,0x0de4dbe0,DMA,1
2p-stages,0x044df000,0x9800,0x0de573e0,DMA,1
2p-stages,0x044e8800,0x9800,0x0de60be0,DMA,1
2p-stages,0x044f2000,0x9800,0x0de6a3e0,DMA,1
2p-stages,0x044fb800,0x9800,0x0de73be0,DMA,1
2p-stages,0x04505000,0x9800,0x0de7d3e0,DMA,1
2p-stages,0x0450e800,0x4800,0x0de86be0,DMA,1
2p-stages,0x04513000,0x9800,0x0de4dbe0,DMA,1
2p-stages,0x0451c800,0x9800,0x0de573e0,DMA,1
2p-stages,0x04526000,0x9800,0x0de60be0,DMA,1
2p-stages,0x0452f800,0x9800,0x0de6a3e0,DMA,1
2p-stages,0x04539000,0x9800,0x0de73be0,DMA,1
2p-stages,0x04542800,0x9800,0x0de7d3e0,DMA,1
2p-stages,0x0454c000,0x4800,0x0de86be0,DMA,1
2p-stages,0x04550800,0x9800,0x0de4dbe0,DMA,1
2p-stages,0x0455a000,0x9800,0x0de573e0,DMA,1
2p-stages,0x04563800,0x9800,0x0de60be0,DMA,1
2p-stages,0x0456d000,0x9800,0x0de6a3e0,DMA,1
2p-stages,0x04576800,0x9800,0x0de73be0,DMA,1
2p-stages,0x04580000,0x9800,0x0de7d3e0,DMA,1
2p-stages,0x04589800,0x4800,0x0de86be0,DMA,1
2p-stages,0x0458e000,0x9800,0x0de4dbe0,DMA,1
2p-stages,0x04597800,0x9800,0x0de573e0,DMA,1
2p-stages,0x045a1000,0x9800,0x0de60be0,DMA,1
2p-stages,0x045aa800,0x9800,0x0de6a3e0,DMA,1
2p-stages,0x045b4000,0x9800,0x0de73be0,DMA,1
2p-stages,0x045bd800,0x9800,0x0de7d3e0,DMA,1
2p-stages,0x045c7000,0x4800,0x0de86be0,DMA,1
2p-stages,0x045cb800,0x9800,0x0de4dbe0,DMA,1
2p-stages,0x045d5000,0x9800,0x0de573e0,DMA,1
2p-stages,0x045de800,0x9800,0x0de60be0,DMA,1
2p-stages,0x045e8000,0x9800,0x0de6a3e0,DMA,1
2p-stages,0x045f1800,0x9800,0x0de73be0,DMA,1
2p-stages,0x045fb000,0x9800,0x0de7d3e0,DMA,1
2p-stages,0x04604800,0x4800,0x0de86be0,DMA,1
2p-stages,0x04609000,0x9800,0x0de4dbe0,DMA,1
2p-stages,0x04612800,0x9800,0x0de573e0,DMA,1
2p-stages,0x0461c000,0x9800,0x0de60be0,DMA,1
2p-stages,0x04625800,0x9800,0x0de6a3e0,DMA,1
2p-stages,0x0462f000,0x9800,0x0de73be0,DMA,1
2p-stages,0x04638800,0x9800,0x0de7d3e0,DMA,1
2p-stages,0x04642000,0x4800,0x0de86be0,DMA,1
2p-stages,0x04646800,0x9800,0x0de4dbe0,DMA,1
2p-stages,0x04650000,0x9800,0x0de573e0,DMA,1
char-mika,0x0493f800,0x1800,0x0ddc2960,DMA,1
char-mika,0x04941000,0x4800,0x0ddc2960,DMA,1
char-mika,0x04945800,0xc800,0x0ddc2960,DMA,1
char-mika,0x04952000,0x6000,0x0ddcf160,DMA,1
char-mika,0x04958000,0xb800,0x0ddc2960,DMA,1
char-lili,0x04bf6800,0x1800,0x0dd7d020,DMA,1
char-lili,0x04bf8000,0x4800,0x0dd7d020,DMA,1
char-lili,0x04bfc800,0x4800,0x0dd7d020,DMA,1
char-lili,0x04c01000,0x6800,0x0dd7d020,DMA,1
2p-stages,0x04c74000,0x6000,0x0ddc2960,DMA,1
2p-stages,0x04c83000,0x3000,0x0ddc2960,DMA,1
2p-stages,0x04c86000,0x6000,0x0ddc2960,DMA,1
2p-stages,0x04c92800,0x6000,0x0ddc2960,DMA,1
2p-stages,0x04c98800,0x3800,0x0ddc2960,DMA,1
char-mika,0x04c9d800,0x5800,0x0ddc2960,DMA,1
2p-stages,0x04ca3000,0xc800,0x0de4dbe0,DMA,1
2p-stages,0x04caf800,0x31000,0x0de5a3e0,DMA,1
2p-stages,0x04ce0800,0x9800,0x0de4dbe0,DMA,1
2p-stages,0x04cea000,0x9800,0x0de573e0,DMA,1
2p-stages,0x04cf3800,0x9800,0x0de60be0,DMA,1
2p-stages,0x04cfd000,0x9800,0x0de6a3e0,DMA,1
2p-stages,0x04d06800,0x9800,0x0de73be0,DMA,1
2p-stages,0x04d10000,0x9800,0x0de7d3e0,DMA,1
2p-stages,0x04d19800,0x4800,0x0de86be0,DMA,1
2p-stages,0x04d1e000,0x9800,0x0de4dbe0,DMA,1
2p-stages,0x04d27800,0x9800,0x0de573e0,DMA,1
2p-stages,0x04d31000,0x9800,0x0de60be0,DMA,1
2p-stages,0x04d3a800,0x9800,0x0de6a3e0,DMA,1
2p-stages,0x04d44000,0x9800,0x0de73be0,DMA,1
2p-stages,0x04d4d800,0x9800,0x0de7d3e0,DMA,1
2p-stages,0x04d57000,0x4800,0x0de86be0,DMA,1
2p-stages,0x04d5b800,0x9800,0x0de4dbe0,DMA,1
2p-stages,0x04d65000,0x9800,0x0de573e0,DMA,1
2p-stages,0x04d6e800,0x9800,0x0de60be0,DMA,1
2p-stages,0x04d78000,0x9800,0x0de6a3e0,DMA,1
2p-stages,0x04d81800,0x9800,0x0de73be0,DMA,1
2p-stages,0x04d8b000,0x9800,0x0de7d3e0,DMA,1
2p-stages,0x04d94800,0x4800,0x0de86be0,DMA,1
2p-stages,0x04d99000,0x9800,0x0de4dbe0,DMA,1
2p-stages,0x04da2800,0x9800,0x0de573e0,DMA,1
2p-stages,0x04dac000,0x9800,0x0de60be0,DMA,1
2p-stages,0x04db5800,0x9800,0x0de6a3e0,DMA,1
2p-stages,0x04dbf000,0x9800,0x0de73be0,DMA,1
2p-stages,0x04dc8800,0x9800,0x0de7d3e0,DMA,1
2p-stages,0x04dd2000,0x4800,0x0de86be0,DMA,1
2p-stages,0x04dd6800,0x9800,0x0de4dbe0,DMA,1
2p-stages,0x04de0000,0x9800,0x0de573e0,DMA,1
2p-stages,0x04de9800,0x9800,0x0de60be0,DMA,1
2p-stages,0x04df3000,0x9800,0x0de6a3e0,DMA,1
2p-stages,0x04dfc800,0x9800,0x0de73be0,DMA,1
2p-stages,0x04e06000,0x9800,0x0de7d3e0,DMA,1
2p-stages,0x04e0f800,0x4800,0x0de86be0,DMA,1
2p-stages,0x04e14000,0x9800,0x0de4dbe0,DMA,1
2p-stages,0x04e1d800,0x9800,0x0de573e0,DMA,1
2p-stages,0x04e27000,0x9800,0x0de60be0,DMA,1
2p-stages,0x04e30800,0x9800,0x0de6a3e0,DMA,1
2p-stages,0x04e3a000,0x9800,0x0de73be0,DMA,1
2p-stages,0x04e43800,0x9800,0x0de7d3e0,DMA,1
2p-stages,0x04e4d000,0x4800,0x0de86be0,DMA,1
2p-stages,0x04e51800,0x9800,0x0de4dbe0,DMA,1
2p-stages,0x04e5b000,0x9800,0x0de573e0,DMA,1
2p-stages,0x04e64800,0x9800,0x0de60be0,DMA,1
2p-stages,0x04e6e000,0x9800,0x0de6a3e0,DMA,1
2p-stages,0x04e77800,0x9800,0x0de73be0,DMA,1
2p-stages,0x04e81000,0x9800,0x0de7d3e0,DMA,1
2p-stages,0x04e8a800,0x4800,0x0de86be0,DMA,1
2p-stages,0x04e8f000,0x9800,0x0de4dbe0,DMA,1
2p-stages,0x04e98800,0x9800,0x0de573e0,DMA,1
2p-stages,0x04ea2000,0x9800,0x0de60be0,DMA,1
2p-stages,0x04eab800,0x9800,0x0de6a3e0,DMA,1
2p-stages,0x04eb5000,0x9800,0x0de73be0,DMA,1
2p-stages,0x04ebe800,0x9800,0x0de7d3e0,DMA,1
2p-stages,0x04ec8000,0x4800,0x0de86be0,DMA,1
char-cuilan,0x04ecc800,0x9800,0x0de4dbe0,DMA,1
char-cuilan,0x04ed6000,0x9800,0x0de573e0,DMA,1
char-cuilan,0x04edf800,0x9800,0x0de60be0,DMA,1
char-cuilan,0x04ee9000,0x9800,0x0de6a3e0,DMA,1
char-cuilan,0x04ef2800,0x9800,0x0de73be0,DMA,1
char-cuilan,0x04efc000,0x9800,0x0de7d3e0,DMA,1
char-cuilan,0x04f05800,0x4800,0x0de86be0,DMA,1
char-cuilan,0x04f0a000,0x9800,0x0de4dbe0,DMA,1
char-cuilan,0x04f13800,0x9800,0x0de573e0,DMA,1
char-cuilan,0x04f1d000,0x9800,0x0de60be0,DMA,1
char-cuilan,0x04f26800,0x9800,0x0de6a3e0,DMA,1
char-cuilan,0x04f30000,0x9800,0x0de73be0,DMA,1
char-cuilan,0x04f39800,0x9800,0x0de7d3e0,DMA,1
char-cuilan,0x04f43000,0x4800,0x0de86be0,DMA,1
char-cuilan,0x04f47800,0x9800,0x0de4dbe0,DMA,1
char-cuilan,0x04f51000,0x9800,0x0de573e0,DMA,1
char-cuilan,0x04f5a800,0x9800,0x0de60be0,DMA,1
char-cuilan,0x04f64000,0x9800,0x0de6a3e0,DMA,1
char-ernula,0x04f6d800,0x9800,0x0de73be0,DMA,1
char-ernula,0x04f77000,0x9800,0x0de7d3e0,DMA,1
char-ernula,0x04f80800,0x4800,0x0de86be0,DMA,1
char-ernula,0x04f85000,0x9800,0x0de4dbe0,DMA,1
char-ernula,0x04f8e800,0x9800,0x0de573e0,DMA,1
char-ernula,0x04f98000,0x9800,0x0de60be0,DMA,1
char-ernula,0x04fa1800,0x9800,0x0de6a3e0,DMA,1
char-ernula,0x04fab000,0x9800,0x0de73be0,DMA,1
char-ernula,0x04fb4800,0x9800,0x0de7d3e0,DMA,1
char-ernula,0x04fbe000,0x4800,0x0de86be0,DMA,1
char-ernula,0x04fc2800,0x9800,0x0de4dbe0,DMA,1
char-ernula,0x04fcc000,0x9800,0x0de573e0,DMA,1
char-ernula,0x04fd5800,0x9800,0x0de60be0,DMA,1
char-ernula,0x04fdf000,0x9800,0x0de6a3e0,DMA,1
char-ernula,0x04fe8800,0x9800,0x0de73be0,DMA,1
char-ernula,0x04ff2000,0x9800,0x0de7d3e0,DMA,1
char-ernula,0x04ffb800,0x4800,0x0de86be0,DMA,1
char-ernula,0x05000000,0x9800,0x0de4dbe0,DMA,1
char-ernula,0x05009800,0x9800,0x0de573e0,DMA,1
char-ernula,0x05013000,0x9800,0x0de60be0,DMA,1
char-ernula,0x0501c800,0x9800,0x0de6a3e0,DMA,1
char-ernula,0x05026000,0x9800,0x0de73be0,DMA,1
char-ernula,0x0502f800,0x9800,0x0de7d3e0,DMA,1
char-ernula,0x05039000,0x4800,0x0de86be0,DMA,1
char-ernula,0x0503d800,0x9800,0x0de4dbe0,DMA,1
char-ernula,0x05047000,0x9800,0x0de573e0,DMA,1
char-ernula,0x05050800,0x9800,0x0de60be0,DMA,1
char-ernula,0x0505a000,0x9800,0x0de6a3e0,DMA,1
char-ernula,0x05063800,0x9800,0x0de73be0,DMA,1
char-ernula,0x0506d000,0x9800,0x0de7d3e0,DMA,1
char-ernula,0x05076800,0x4800,0x0de86be0,DMA,1
char-ernula,0x0507b000,0x9800,0x0de4dbe0,DMA,1
char-ernula,0x05084800,0x9800,0x0de573e0,DMA,1
char-ernula,0x0508e000,0x9800,0x0de60be0,DMA,1
char-ernula,0x05097800,0x9800,0x0de6a3e0,DMA,1
char-ernula,0x050a1000,0x9800,0x0de73be0,DMA,1
char-ernula,0x050aa800,0x9800,0x0de7d3e0,DMA,1
char-ernula,0x050b4000,0x4800,0x0de86be0,DMA,1
char-ernula,0x050b8800,0x9800,0x0de4dbe0,DMA,1
char-ernula,0x050c2000,0x9800,0x0de573e0,DMA,1
char-ernula,0x050cb800,0x9800,0x0de60be0,DMA,1
char-ernula,0x050d5000,0x9800,0x0de6a3e0,DMA,1
char-ernula,0x050de800,0x9800,0x0de73be0,DMA,1
char-ernula,0x050e8000,0x9800,0x0de7d3e0,DMA,1
char-ernula,0x050f1800,0x4800,0x0de86be0,DMA,1
char-ernula,0x050f6000,0x9800,0x0de4dbe0,DMA,1
char-ernula,0x050ff800,0x9800,0x0de573e0,DMA,1
char-ernula,0x05109000,0x9800,0x0de60be0,DMA,1
char-ernula,0x05112800,0x9800,0x0de6a3e0,DMA,1
char-ernula,0x0511c000,0x9800,0x0de73be0,DMA,1
char-ernula,0x05125800,0x9800,0x0de7d3e0,DMA,1
char-ernula,0x0512f000,0x4800,0x0de86be0,DMA,1
char-ernula,0x05133800,0x9800,0x0de4dbe0,DMA,1
char-ernula,0x0513d000,0x9800,0x0de573e0,DMA,1
char-ernula,0x05146800,0x9800,0x0de60be0,DMA,1
char-ernula,0x05150000,0x9800,0x0de6a3e0,DMA,1
char-ernula,0x05159800,0x9800,0x0de73be0,DMA,1
char-ernula,0x05163000,0x9800,0x0de7d3e0,DMA,1
char-ernula,0x0516c800,0x4800,0x0de86be0,DMA,1
char-ernula,0x05171000,0x9800,0x0de4dbe0,DMA,1
char-ernula,0x0517a800,0x9800,0x0de573e0,DMA,1
char-ernula,0x05184000,0x9800,0x0de60be0,DMA,1
char-ernula,0x0518d800,0x9800,0x0de6a3e0,DMA,1
char-ernula,0x05197000,0x9800,0x0de73be0,DMA,1
char-ernula,0x051a0800,0x9800,0x0de7d3e0,DMA,1
char-ernula,0x051aa000,0x4800,0x0de86be0,DMA,1
char-ernula,0x051ae800,0x9800,0x0de4dbe0,DMA,1
char-ernula,0x051b8000,0x9800,0x0de573e0,DMA,1
char-ernula,0x051c1800,0x9800,0x0de60be0,DMA,1
char-ernula,0x051cb000,0x9800,0x0de6a3e0,DMA,1
char-ernula,0x051d4800,0x9800,0x0de73be0,DMA,1
char-ernula,0x051de000,0x9800,0x0de7d3e0,DMA,1
char-ernula,0x051e7800,0x4800,0x0de86be0,DMA,1
char-ernula,0x051ec000,0x9800,0x0de4dbe0,DMA,1
char-ernula,0x051f5800,0x9800,0x0de573e0,DMA,1
char-ernula,0x051ff000,0x9800,0x0de60be0,DMA,1
char-ernula,0x05208800,0x9800,0x0de6a3e0,DMA,1
char-ernula,0x05212000,0x9800,0x0de73be0,DMA,1
char-ernula,0x0521b800,0x9800,0x0de7d3e0,DMA,1
char-ernula,0x05225000,0x4800,0x0de86be0,DMA,1
char-ernula,0x05229800,0x9800,0x0de4dbe0,DMA,1
char-ernula,0x05233000,0x9800,0x0de573e0,DMA,1
char-ernula,0x0523c800,0x9800,0x0de60be0,DMA,1
char-ernula,0x05246000,0x9800,0x0de6a3e0,DMA,1
char-ernula,0x0524f800,0x9800,0x0de73be0,DMA,1
char-ernula,0x05259000,0x9800,0x0de7d3e0,DMA,1
char-ernula,0x05262800,0x4800,0x0de86be0,DMA,1
char-ernula,0x05267000,0x9800,0x0de4dbe0,DMA,1
char-ernula,0x05270800,0x9800,0x0de573e0,DMA,1
char-ernula,0x0527a000,0x9800,0x0de60be0,DMA,1
char-ernula,0x05283800,0x9800,0x0de6a3e0,DMA,1
char-ernula,0x0528d000,0x9800,0x0de73be0,DMA,1
char-ernula,0x05296800,0x9800,0x0de7d3e0,DMA,1
char-ernula,0x052a0000,0x4800,0x0de86be0,DMA,1
char-ernula,0x052a4800,0x9800,0x0de4dbe0,DMA,1
char-ernula,0x052ae000,0x9800,0x0de573e0,DMA,1
char-ernula,0x052b7800,0x9800,0x0de60be0,DMA,1
char-ernula,0x052c1000,0x9800,0x0de6a3e0,DMA,1
char-ernula,0x052ca800,0x9800,0x0de73be0,DMA,1
char-ernula,0x052d4000,0x9800,0x0de7d3e0,DMA,1
char-ernula,0x052dd800,0x4800,0x0de86be0,DMA,1
char-ernula,0x052e2000,0x9800,0x0de4dbe0,DMA,1
char-ernula,0x052eb800,0x9800,0x0de573e0,DMA,1
char-ernula,0x052f5000,0x9800,0x0de60be0,DMA,1
char-ernula,0x052fe800,0x9800,0x0de6a3e0,DMA,1
char-ernula,0x05308000,0x9800,0x0de73be0,DMA,1
char-ernula,0x05311800,0x9800,0x0de7d3e0,DMA,1
char-ernula,0x0531b000,0x4800,0x0de86be0,DMA,1
char-ernula,0x0531f800,0x9800,0x0de4dbe0,DMA,1
char-ernula,0x05329000,0x9800,0x0de573e0,DMA,1
char-ernula,0x05332800,0x9800,0x0de60be0,DMA,1
char-ernula,0x0533c000,0x9800,0x0de6a3e0,DMA,1
char-ernula,0x05345800,0x9800,0x0de73be0,DMA,1
char-ernula,0x0534f000,0x9800,0x0de7d3e0,DMA,1
char-ernula,0x05358800,0x4800,0x0de86be0,DMA,1
char-ernula,0x0535d000,0x9800,0x0de4dbe0,DMA,1
char-ernula,0x05366800,0x9800,0x0de573e0,DMA,1
char-ernula,0x05370000,0x9800,0x0de60be0,DMA,1
char-ernula,0x05379800,0x9800,0x0de6a3e0,DMA,1
char-ernula,0x05383000,0x9800,0x0de73be0,DMA,1
char-ernula,0x0538c800,0x9800,0x0de7d3e0,DMA,1
char-ernula,0x05396000,0x4800,0x0de86be0,DMA,1
char-ernula,0x0539a800,0x9800,0x0de4dbe0,DMA,1
char-ernula,0x053a4000,0x9800,0x0de573e0,DMA,1
char-ernula,0x053ad800,0x9800,0x0de60be0,DMA,1
char-ernula,0x053b7000,0x9800,0x0de6a3e0,DMA,1
char-ernula,0x053c0800,0x9800,0x0de73be0,DMA,1
char-ernula,0x053ca000,0x9800,0x0de7d3e0,DMA,1
char-ernula,0x053d3800,0x4800,0x0de86be0,DMA,1
char-lili,0x053d8000,0x9800,0x0de4dbe0,DMA,1
char-lili,0x053e1800,0x9800,0x0de573e0,DMA,1
char-lili,0x053eb000,0x9800,0x0de60be0,DMA,1
char-lili,0x053f4800,0x9800,0x0de6a3e0,DMA,1
char-lili,0x053fe000,0x9800,0x0de73be0,DMA,1
char-lili,0x05407800,0x9800,0x0de7d3e0,DMA,1
char-lili,0x05411000,0x4800,0x0de86be0,DMA,1
char-lili,0x05415800,0x9800,0x0de4dbe0,DMA,1
char-lili,0x0541f000,0x9800,0x0de573e0,DMA,1
char-lili,0x05428800,0x9800,0x0de60be0,DMA,1
char-lili,0x05432000,0x9800,0x0de6a3e0,DMA,1
2p-stages,0x054b9000,0x15800,0x0da16b60,DMA,1
2p-stages,0x054b9000,0x15800,0x0da23040,DMA,1
2p-stages,0x054b9000,0x15800,0x0dad5020,DMA,1
2p-stages,0x054b9000,0x15800,0x0dadac00,DMA,1
2p-stages,0x054b9000,0x15800,0x0daf5ac0,DMA,1
2p-stages,0x054b9000,0x15800,0x0db21220,DMA,1
2p-stages,0x054b9000,0x15800,0x0db64120,DMA,1
2p-stages,0x054b9000,0x15800,0x0db72400,DMA,1
char-baek,0x054b9000,0x15800,0x0dc2e080,DMA,1
attract,0x054ce800,0xc800,0x0de4dbe0,DMA,1
attract,0x054db000,0x31000,0x0de5a3e0,DMA,1
attract,0x0550c000,0x9800,0x0de4dbe0,DMA,1
attract,0x05515800,0x9800,0x0de573e0,DMA,1
attract,0x0551f000,0x9800,0x0de60be0,DMA,1
attract,0x05528800,0x9800,0x0de6a3e0,DMA,1
attract,0x05532000,0x9800,0x0de73be0,DMA,1
attract,0x0553b800,0x9800,0x0de7d3e0,DMA,1
attract,0x05545000,0x4800,0x0de86be0,DMA,1
attract,0x05549800,0x9800,0x0de4dbe0,DMA,1
attract,0x05553000,0x9800,0x0de573e0,DMA,1
attract,0x0555c800,0x9800,0x0de60be0,DMA,1
attract,0x05566000,0x9800,0x0de6a3e0,DMA,1
attract,0x0556f800,0x9800,0x0de73be0,DMA,1
attract,0x05579000,0x9800,0x0de7d3e0,DMA,1
attract,0x05582800,0x4800,0x0de86be0,DMA,1
attract,0x05587000,0x3000,0x0de4dbe0,DMA,1
attract,0x0558a000,0xc800,0x0de4dbe0,DMA,1
attract,0x05596800,0x31000,0x0de5a3e0,DMA,1
attract,0x055c7800,0x9800,0x0de4dbe0,DMA,1
attract,0x055d1000,0x9800,0x0de573e0,DMA,1
attract,0x055da800,0x9800,0x0de60be0,DMA,1
attract,0x055e4000,0x9800,0x0de6a3e0,DMA,1
attract,0x055ed800,0x9800,0x0de73be0,DMA,1
attract,0x055f7000,0x9800,0x0de7d3e0,DMA,1
attract,0x05600800,0x4800,0x0de86be0,DMA,1
attract,0x05605000,0x9800,0x0de4dbe0,DMA,1
attract,0x0560e800,0x9800,0x0de573e0,DMA,1
attract,0x05618000,0x9800,0x0de60be0,DMA,1
attract,0x05621800,0x9800,0x0de6a3e0,DMA,1
attract,0x0562b000,0x9800,0x0de73be0,DMA,1
attract,0x05634800,0x9800,0x0de7d3e0,DMA,1
attract,0x0563e000,0x4800,0x0de86be0,DMA,1
attract,0x05642800,0x9800,0x0de4dbe0,DMA,1
attract,0x0564c000,0x9800,0x0de573e0,DMA,1
attract,0x05655800,0x9800,0x0de60be0,DMA,1
attract,0x0565f000,0x9800,0x0de6a3e0,DMA,1
attract,0x05668800,0x9800,0x0de73be0,DMA,1
attract,0x05672000,0x9800,0x0de7d3e0,DMA,1
attract,0x0567b800,0x4800,0x0de86be0,DMA,1
attract,0x05680000,0x9800,0x0de4dbe0,DMA,1
attract,0x05689800,0x9800,0x0de573e0,DMA,1
attract,0x05693000,0x9800,0x0de60be0,DMA,1
attract,0x0569c800,0x9800,0x0de6a3e0,DMA,1
attract,0x056a6000,0x9800,0x0de73be0,DMA,1
attract,0x056af800,0x9800,0x0de7d3e0,DMA,1
attract,0x056b9000,0x3000,0x0de86be0,DMA,1
attract,0x056bc000,0x42800,0x0dd22940,DMA,1
attract,0x056fe800,0xb0000,0x0dc72920,DMA,1
attract,0x057ae800,0xcc800,0x0dc56120,DMA,1
attract,0x0587b000,0xc2000,0x0dc60920,DMA,1
attract,0x05a09000,0x11800,0x0dc44900,DMA,1
attract,0x05a09000,0x11800,0x0dc4f100,DMA,1
attract,0x05a09000,0x11800,0x0dc61100,DMA,1
char-ernula,0x05a1a800,0x9000,0x0ddc2960,DMA,1
char-ernula,0x05a23800,0xb000,0x0ddc2960,DMA,1
attract,0x05a2e800,0xe6800,0x0db5d040,DMA,1
char-baek,0x05a2e800,0xe6800,0x0db5d4c0,DMA,1
char-cuilan,0x05b15000,0xe5800,0x0db07320,DMA,1
char-baek,0x05bfa800,0xed000,0x0db56840,DMA,1
char-baek,0x05bfa800,0xed000,0x0db56cc0,DMA,1
attract,0x05ce7800,0xeb000,0x0db58840,DMA,1
char-karel,0x05dd2800,0xea800,0x0da3e3e0,DMA,1
char-ernula,0x05dd2800,0xea800,0x0da7ff40,DMA,1
char-lili,0x05dd2800,0xea800,0x0da855a0,DMA,1
2p-stages,0x05dd2800,0xea800,0x0db05d00,DMA,1
2p-stages,0x05dd2800,0xea800,0x0db05d20,DMA,1
2p-stages,0x05dd2800,0xea800,0x0db05f00,DMA,1
2p-stages,0x05fa7800,0x6800,0x0dd7d020,DMA,1
char-baek,0x05fa7800,0x6800,0x0ddc2960,DMA,1
attract,0x05fb5000,0xc800,0x0ddc2960,DMA,1
attract,0x05fc1800,0x3000,0x0ddcf160,DMA,1
char-baek,0x05fc4800,0xc800,0x0ddc2960,DMA,1
char-baek,0x05fd1000,0xb000,0x0ddcf160,DMA,1
char-cuilan,0x05fe8800,0x5000,0x0dd7d020,DMA,1
char-cuilan,0x05fed800,0x6800,0x0dd7d020,DMA,1
char-baek,0x05ffd000,0x7000,0x0ddc2960,DMA,1
char-baek,0x06004000,0x8000,0x0ddc2960,DMA,1
char-sakurako,0x0600c000,0x3800,0x0dd7d020,DMA,1
char-ernula,0x06014800,0xc800,0x0ddc2960,DMA,1
char-ernula,0x06021000,0x4000,0x0ddcf160,DMA,1
char-karel,0x060e7800,0xc3000,0x0dad1280,DMA,1
char-ernula,0x060e7800,0xc3000,0x0db12de0,DMA,1
char-lili,0x060e7800,0xc3000,0x0db18440,DMA,1
char-lili,0x060e7800,0xc3000,0x0db1c520,DMA,1
char-baek,0x060e7800,0xc3000,0x0db1e500,DMA,1
char-fabian,0x061aa800,0xc2800,0x0da3c160,DMA,1
char-cuilan,0x06332800,0xc9000,0x0d9cb4a0,DMA,1
char-sakurako,0x06332800,0xc9000,0x0da27ea0,DMA,1
attract,0x06332800,0xc9000,0x0db18780,DMA,1
2p-stages,0x06332800,0xc9000,0x0db79ee0,DMA,1
2p-stages,0x06332800,0xc9000,0x0db7a260,DMA,1
2p-stages,0x06332800,0xc9000,0x0db7a280,DMA,1
2p-stages,0x06332800,0xc9000,0x0db7a2a0,DMA,1
2p-stages,0x06332800,0xc9000,0x0db7a340,DMA,1
2p-stages,0x06332800,0xc9000,0x0db7acc0,DMA,1
attract,0x063fb800,0xbd800,0x0db246e0,DMA,1
char-mika,0x063fb800,0xbd800,0x0db864c0,DMA,1
2p-stages,0x064b9000,0x5000,0x0ddc2960,DMA,1
char-mika,0x064be000,0x3800,0x0ddc2960,DMA,1
char-lili,0x064e3000,0x6800,0x0dd7d020,DMA,1
2p-stages,0x064ec000,0x5000,0x0ddc2960,DMA,1
char-mika,0x064f7800,0x9800,0x0ddc2960,DMA,1
char-baek,0x06508800,0xda800,0x0d9ae840,DMA,1
char-sakurako,0x065e3000,0xdd800,0x0db07740,DMA,1
char-sakurako,0x065e3000,0xdd800,0x0db07de0,DMA,1
char-mika,0x06871000,0xd9800,0x0d9be1c0,DMA,1
char-baek,0x06871000,0xd9800,0x0db08400,DMA,1
char-cuilan,0x06871000,0xd9800,0x0db6a4c0,DMA,1
char-fabian,0x0694a800,0xd3000,0x0db200a0,DMA,1
char-cuilan,0x0694a800,0xd3000,0x0db70cc0,DMA,1
char-cuilan,0x06a1d800,0x5800,0x0ddc2960,DMA,1
char-cuilan,0x06a23000,0x4000,0x0ddc2960,DMA,1
char-sakurako,0x06a4c000,0x5000,0x0dd7d020,DMA,1
char-sakurako,0x06a51000,0x2000,0x0dd7d020,DMA,1
char-baek,0x06a53000,0x5800,0x0dd7d020,DMA,1
char-baek,0x06a58800,0x1000,0x0dd7d020,DMA,1
char-cuilan,0x06a69000,0x9800,0x0ddc2960,DMA,1
char-cuilan,0x06a72800,0xa000,0x0ddc2960,DMA,1
attract,0x06a8f000,0xcf800,0x0db74040,DMA,1
char-fabian,0x06a8f000,0xcf800,0x0db744c0,DMA,1
char-karel,0x06b5e800,0xd2800,0x0dac1a60,DMA,1
char-cuilan,0x06b5e800,0xd2800,0x0db1a9e0,DMA,1
char-mika,0x06b5e800,0xd2800,0x0db1df00,DMA,1
char-fabian,0x06b5e800,0xd2800,0x0db714c0,DMA,1
attract,0x06c31000,0xd1000,0x0db72840,DMA,1
char-baek,0x06d02000,0xc8000,0x0db19980,DMA,1
2p-stages,0x06dca000,0xd1800,0x0db1ed20,DMA,1
2p-stages,0x06f6c800,0x5800,0x0dd7d020,DMA,1
char-fabian,0x06f6c800,0x5800,0x0ddc2960,DMA,1
char-fabian,0x06f72000,0x3800,0x0ddc2960,DMA,1
char-karel,0x06f75800,0xc800,0x0dd7d020,DMA,1
char-karel,0x06f82000,0x8800,0x0dd89820,DMA,1
char-fabian,0x06faa000,0x5000,0x0ddc2960,DMA,1
char-fabian,0x06faf000,0x7000,0x0ddc2960,DMA,1
attract,0x06fc0000,0x11a000,0x0dad8c20,DMA,1
char-mika,0x070da000,0x11b000,0x0dad54e0,DMA,1
attract,0x070da000,0x11b000,0x0dad7b20,DMA,1
2p-stages,0x0741a800,0x11a800,0x0dad5d20,DMA,1
char-lili,0x0741a800,0x11a800,0x0db294c0,DMA,1
char-fabian,0x07535000,0x110000,0x0dae3320,DMA,1
char-lili,0x07535000,0x110000,0x0db33cc0,DMA,1
2p-stages,0x07645000,0x2800,0x0dd7d020,DMA,1
char-lili,0x07645000,0x2800,0x0ddc2960,DMA,1
char-fabian,0x0766a800,0x6800,0x0dd7d020,DMA,1
char-fabian,0x07671000,0x3800,0x0dd7d020,DMA,1
char-lili,0x07681000,0x9000,0x0ddc2960,DMA,1
2p-stages,0x077d5000,0xf6800,0x0da40220,DMA,1
char-mika,0x077d5000,0xf6800,0x0daf9f00,DMA,1
2p-stages,0x07ab3000,0xf8800,0x0daf7d00,DMA,1
char-sakurako,0x07ab3000,0xf8800,0x0db4b4c0,DMA,1
char-sakurako,0x07bab800,0xfb000,0x0db48cc0,DMA,1
2p-stages,0x07ca6800,0x4800,0x0dd7d020,DMA,1
char-sakurako,0x07ca6800,0x4800,0x0ddc2960,DMA,1
char-sakurako,0x07cab000,0x5800,0x0ddc2960,DMA,1
char-sakurako,0x07d00800,0x7800,0x0ddc2960,DMA,1
char-cuilan,0x07d08000,0x6000,0x0dd7d020,DMA,1
char-baek,0x07d0e000,0x8000,0x0dd7d020,DMA,1
2p-stages,0x081b4800,0x12a000,0x0dac6500,DMA,1
char-ernula,0x081b4800,0x12a000,0x0db19cc0,DMA,1
char-ernula,0x082de800,0x122800,0x0db214c0,DMA,1
2p-stages,0x08401000,0x4800,0x0dd7d020,DMA,1
char-ernula,0x08401000,0x4800,0x0ddc2960,DMA,1
char-ernula,0x08405800,0x5800,0x0ddc2960,DMA,1
char-ernula,0x0841c000,0xc800,0x0ddc2960,DMA,1
char-ernula,0x08428800,0x14800,0x0ddcf160,DMA,1
char-ernula,0x08475800,0x4000,0x0ddc2960,DMA,1
char-ernula,0x085a8800,0x124800,0x0dab1a20,DMA,1
2p-stages,0x08908800,0x123000,0x0dacd500,DMA,1
char-karel,0x08908800,0x123000,0x0db20cc0,DMA,1
char-karel,0x08a2b800,0x11f000,0x0db24cc0,DMA,1
2p-stages,0x08b4a800,0x3800,0x0dd7d020,DMA,1
char-karel,0x08b4a800,0x3800,0x0ddc2960,DMA,1
char-karel,0x08b4e000,0x2000,0x0ddc2960,DMA,1
char-ernula,0x08b70800,0x3000,0x0dd7d020,DMA,1
char-ernula,0x08b73800,0x2800,0x0dd7d020,DMA,1
char-karel,0x08b7b800,0x7000,0x0ddc2960,DMA,1
char-karel,0x08b88000,0x5000,0x0ddc2960,DMA,1
char-fabian,0x08c01000,0x5800,0x0dd7d020,DMA,1
char-lili,0x08c06800,0x7800,0x0dd7d020,DMA,1
char-ernula,0x08c0e000,0x7000,0x0dd7d020,DMA,1
2p-stages,0x08e8d000,0xc800,0x0de4dbe0,DMA,1
2p-stages,0x08e99800,0x31000,0x0de5a3e0,DMA,1
2p-stages,0x08eca800,0x9800,0x0de4dbe0,DMA,1
2p-stages,0x08ed4000,0x9800,0x0de573e0,DMA,1
2p-stages,0x08edd800,0x9800,0x0de60be0,DMA,1
2p-stages,0x08ee7000,0x9800,0x0de6a3e0,DMA,1
2p-stages,0x08ef0800,0x9800,0x0de73be0,DMA,1
2p-stages,0x08efa000,0x9800,0x0de7d3e0,DMA,1
2p-stages,0x08f03800,0x4800,0x0de86be0,DMA,1
2p-stages,0x08f08000,0x9800,0x0de4dbe0,DMA,1
char-ernula,0x08f0e000,0x9800,0x0de4e3e0,DMA,1
2p-stages,0x08f11800,0x9800,0x0de573e0,DMA,1
char-ernula,0x08f17800,0x9800,0x0de57be0,DMA,1
2p-stages,0x08f1b000,0x9800,0x0de60be0,DMA,1
char-ernula,0x08f21000,0x9800,0x0de613e0,DMA,1
2p-stages,0x08f24800,0x9800,0x0de6a3e0,DMA,1
char-ernula,0x08f2a800,0x9800,0x0de6abe0,DMA,1
2p-stages,0x08f2e000,0x9800,0x0de73be0,DMA,1
char-ernula,0x08f34000,0x9800,0x0de743e0,DMA,1
2p-stages,0x08f37800,0x9800,0x0de7d3e0,DMA,1
char-ernula,0x08f3d800,0x9800,0x0de7dbe0,DMA,1
2p-stages,0x08f41000,0x4800,0x0de86be0,DMA,1
2p-stages,0x08f45800,0x9800,0x0de4dbe0,DMA,1
char-ernula,0x08f47000,0x4000,0x0de873e0,DMA,1
char-ernula,0x08f4b000,0x9800,0x0de4dbe0,DMA,1
2p-stages,0x08f4f000,0x9800,0x0de573e0,DMA,1
char-ernula,0x08f54800,0x9800,0x0de573e0,DMA,1
2p-stages,0x08f58800,0x9800,0x0de60be0,DMA,1
char-ernula,0x08f5e000,0x9800,0x0de60be0,DMA,1
2p-stages,0x08f62000,0x9800,0x0de6a3e0,DMA,1
char-ernula,0x08f67800,0x9800,0x0de6a3e0,DMA,1
2p-stages,0x08f6b800,0x9800,0x0de73be0,DMA,1
char-ernula,0x08f71000,0x9800,0x0de73be0,DMA,1
2p-stages,0x08f75000,0x9800,0x0de7d3e0,DMA,1
char-ernula,0x08f7a800,0x9800,0x0de7d3e0,DMA,1
2p-stages,0x08f7e800,0x4800,0x0de86be0,DMA,1
2p-stages,0x08f83000,0x9800,0x0de4dbe0,DMA,1
2p-stages,0x08f8c800,0x9800,0x0de573e0,DMA,1
2p-stages,0x08f96000,0x9800,0x0de60be0,DMA,1
2p-stages,0x08f9f800,0x9800,0x0de6a3e0,DMA,1
2p-stages,0x08fa9000,0x9800,0x0de73be0,DMA,1
2p-stages,0x08fb2800,0x9800,0x0de7d3e0,DMA,1
2p-stages,0x08fbc000,0x4800,0x0de86be0,DMA,1
2p-stages,0x08fc0800,0x9800,0x0de4dbe0,DMA,1
2p-stages,0x08fca000,0x9800,0x0de573e0,DMA,1
2p-stages,0x08fd3800,0x9800,0x0de60be0,DMA,1
2p-stages,0x08fdd000,0x9800,0x0de6a3e0,DMA,1
2p-stages,0x08fe6800,0x9800,0x0de73be0,DMA,1
2p-stages,0x08ff0000,0x9800,0x0de7d3e0,DMA,1
2p-stages,0x08ff9800,0x4800,0x0de86be0,DMA,1
2p-stages,0x08ffe000,0x9800,0x0de4dbe0,DMA,1
2p-stages,0x09007800,0x9800,0x0de573e0,DMA,1
2p-stages,0x09011000,0x9800,0x0de60be0,DMA,1
2p-stages,0x0901a800,0x9800,0x0de6a3e0,DMA,1
2p-stages,0x09024000,0x9800,0x0de73be0,DMA,1
2p-stages,0x0902d800,0x9800,0x0de7d3e0,DMA,1
2p-stages,0x09037000,0x4800,0x0de86be0,DMA,1
2p-stages,0x0903b800,0x9800,0x0de4dbe0,DMA,1
2p-stages,0x09045000,0x9800,0x0de573e0,DMA,1
2p-stages,0x0904e800,0x9800,0x0de60be0,DMA,1
2p-stages,0x09058000,0x9800,0x0de6a3e0,DMA,1
2p-stages,0x09061800,0x9800,0x0de73be0,DMA,1
2p-stages,0x0906b000,0x9800,0x0de7d3e0,DMA,1
2p-stages,0x09074800,0x4800,0x0de86be0,DMA,1
2p-stages,0x09079000,0x9800,0x0de4dbe0,DMA,1
2p-stages,0x09082800,0x9800,0x0de573e0,DMA,1
2p-stages,0x0908c000,0x9800,0x0de60be0,DMA,1
2p-stages,0x09095800,0x9800,0x0de6a3e0,DMA,1
2p-stages,0x0909f000,0x9800,0x0de73be0,DMA,1
2p-stages,0x090a8800,0x9800,0x0de7d3e0,DMA,1
2p-stages,0x090b2000,0x4800,0x0de86be0,DMA,1
2p-stages,0x090b6800,0x9800,0x0de4dbe0,DMA,1
2p-stages,0x090c0000,0x9800,0x0de573e0,DMA,1
2p-stages,0x090c9800,0x9800,0x0de60be0,DMA,1
2p-stages,0x090d3000,0x9800,0x0de6a3e0,DMA,1
2p-stages,0x090dc800,0x9800,0x0de73be0,DMA,1
2p-stages,0x090e6000,0x9800,0x0de7d3e0,DMA,1
2p-stages,0x090ef800,0x4800,0x0de86be0,DMA,1
char-ernula,0x090f4000,0x9800,0x0de4dbe0,DMA,1
char-ernula,0x090fd800,0x9800,0x0de573e0,DMA,1
char-ernula,0x09107000,0x9800,0x0de60be0,DMA,1
char-ernula,0x09110800,0x9800,0x0de6a3e0,DMA,1
char-ernula,0x0911a000,0x9800,0x0de73be0,DMA,1
char-ernula,0x09123800,0x9800,0x0de7d3e0,DMA,1
char-ernula,0x0912d000,0x4800,0x0de86be0,DMA,1
char-ernula,0x09131800,0x9800,0x0de4dbe0,DMA,1
char-ernula,0x0913b000,0x9800,0x0de573e0,DMA,1
char-ernula,0x09144800,0x9800,0x0de60be0,DMA,1
char-ernula,0x0914e000,0x9800,0x0de6a3e0,DMA,1
char-ernula,0x09157800,0x9800,0x0de73be0,DMA,1
char-ernula,0x09161000,0x9800,0x0de7d3e0,DMA,1
char-ernula,0x0916a800,0x4800,0x0de86be0,DMA,1
char-ernula,0x0916f000,0x9800,0x0de4dbe0,DMA,1
char-ernula,0x09178800,0x9800,0x0de573e0,DMA,1
char-ernula,0x09182000,0x9800,0x0de60be0,DMA,1
char-ernula,0x0918b800,0x9800,0x0de6a3e0,DMA,1
char-ernula,0x09195000,0x9800,0x0de73be0,DMA,1
char-ernula,0x0919e800,0x9800,0x0de7d3e0,DMA,1
char-ernula,0x091a8000,0x4800,0x0de86be0,DMA,1
char-ernula,0x091ac800,0x9800,0x0de4dbe0,DMA,1
char-ernula,0x091b6000,0x9800,0x0de573e0,DMA,1
char-ernula,0x091bf800,0x9800,0x0de60be0,DMA,1
char-ernula,0x091c9000,0x9800,0x0de6a3e0,DMA,1
char-ernula,0x091d2800,0x9800,0x0de73be0,DMA,1
char-ernula,0x091dc000,0x9800,0x0de7d3e0,DMA,1
char-ernula,0x091e5800,0x4800,0x0de86be0,DMA,1
char-ernula,0x091ea000,0x9800,0x0de4dbe0,DMA,1
char-ernula,0x091f3800,0x9800,0x0de573e0,DMA,1
char-ernula,0x091fd000,0x9800,0x0de60be0,DMA,1
char-ernula,0x09206800,0x9800,0x0de6a3e0,DMA,1
char-ernula,0x09210000,0x9800,0x0de73be0,DMA,1
char-ernula,0x09219800,0x9800,0x0de7d3e0,DMA,1
char-ernula,0x09223000,0x4800,0x0de86be0,DMA,1
char-ernula,0x09227800,0x9800,0x0de4dbe0,DMA,1
char-ernula,0x09231000,0x9800,0x0de573e0,DMA,1
char-ernula,0x0923a800,0x9800,0x0de60be0,DMA,1
char-ernula,0x09244000,0x9800,0x0de6a3e0,DMA,1
char-ernula,0x0924d800,0x9800,0x0de73be0,DMA,1
char-ernula,0x09257000,0x9800,0x0de7d3e0,DMA,1
char-ernula,0x09260800,0x4800,0x0de86be0,DMA,1
char-ernula,0x09265000,0x9800,0x0de4dbe0,DMA,1
char-ernula,0x0926e800,0x9800,0x0de573e0,DMA,1
char-ernula,0x09278000,0x9800,0x0de60be0,DMA,1
char-ernula,0x09281800,0x9800,0x0de6a3e0,DMA,1
char-ernula,0x0928b000,0x9800,0x0de73be0,DMA,1
char-ernula,0x09294800,0x9800,0x0de7d3e0,DMA,1
char-ernula,0x0929e000,0x4800,0x0de86be0,DMA,1
char-ernula,0x092a2800,0x800,0x0de4dbe0,DMA,1
char-ernula,0x09327000,0xc800,0x0ddc2960,DMA,1
char-ernula,0x09333800,0x1800,0x0ddcf160,DMA,1
char-ernula,0x09355000,0x5800,0x0ddc2960,DMA,1
2p-stages,0x0935a800,0x7e7800,0x0d244c20,DMA,1
2p-stages,0x0935a800,0x7e7800,0x0d251100,DMA,1
2p-stages,0x0935a800,0x7e7800,0x0d3030e0,DMA,1
2p-stages,0x0935a800,0x7e7800,0x0d308cc0,DMA,1
2p-stages,0x0935a800,0x7e7800,0x0d323b80,DMA,1
2p-stages,0x0935a800,0x7e7800,0x0d392180,DMA,1
2p-stages,0x0935a800,0x7e7800,0x0d3a04c0,DMA,1
2p-stages,0x0935a800,0x7e7800,0x0d45bd20,DMA,1
2p-stages,0x09b42000,0xe800,0x0dc348c0,DMA,1
2p-stages,0x09b42000,0xe800,0x0dc34b20,DMA,1
2p-stages,0x09b42000,0xe800,0x0dc34b60,DMA,1
2p-stages,0x09b42000,0xe800,0x0dc34d20,DMA,1
char-karel,0x09b99000,0x9000,0x0ddc2960,DMA,1
char-karel,0x09ba2000,0xc800,0x0ddc2960,DMA,1
char-karel,0x09bae800,0x3800,0x0ddcf160,DMA,1
char-sakurako,0x09bfa000,0x5000,0x0ddc2960,DMA,1
char-sakurako,0x09bff000,0x9800,0x0ddc2960,DMA,1
char-baek,0x09d67000,0x3000,0x0ddc2960,DMA,1
char-baek,0x09d6a000,0xc800,0x0ddc2960,DMA,1
char-baek,0x09d76800,0x2000,0x0ddcf160,DMA,1
char-baek,0x09d78800,0xc800,0x0ddc2960,DMA,1
char-baek,0x09d85000,0x2000,0x0ddcf160,DMA,1
char-cuilan,0x09e16000,0x8800,0x0ddc2960,DMA,1
char-cuilan,0x09e1e800,0x8800,0x0dd7d020,DMA,1
2p-stages,0x09f52000,0xc800,0x0de4dbe0,DMA,1
2p-stages,0x09f5e800,0x31000,0x0de5a3e0,DMA,1
2p-stages,0x09f8f800,0x9800,0x0de4dbe0,DMA,1
2p-stages,0x09f99000,0x9800,0x0de573e0,DMA,1
2p-stages,0x09fa2800,0x9800,0x0de60be0,DMA,1
2p-stages,0x09fac000,0x9800,0x0de6a3e0,DMA,1
2p-stages,0x09fb5800,0x9800,0x0de73be0,DMA,1
2p-stages,0x09fbf000,0x9800,0x0de7d3e0,DMA,1
2p-stages,0x09fc8800,0x4800,0x0de86be0,DMA,1
2p-stages,0x09fcd000,0x9800,0x0de4dbe0,DMA,1
2p-stages,0x09fd6800,0x9800,0x0de573e0,DMA,1
2p-stages,0x09fe0000,0x9800,0x0de60be0,DMA,1
2p-stages,0x09fe9800,0x9800,0x0de6a3e0,DMA,1
2p-stages,0x09ff3000,0x9800,0x0de73be0,DMA,1
2p-stages,0x09ffc800,0x9800,0x0de7d3e0,DMA,1
2p-stages,0x0a006000,0x4800,0x0de86be0,DMA,1
2p-stages,0x0a00a800,0x9800,0x0de4dbe0,DMA,1
2p-stages,0x0a014000,0x9800,0x0de573e0,DMA,1
2p-stages,0x0a01d800,0x9800,0x0de60be0,DMA,1
2p-stages,0x0a027000,0x9800,0x0de6a3e0,DMA,1
2p-stages,0x0a030800,0x9800,0x0de73be0,DMA,1
2p-stages,0x0a03a000,0x9800,0x0de7d3e0,DMA,1
2p-stages,0x0a043800,0x4800,0x0de86be0,DMA,1
2p-stages,0x0a048000,0x9800,0x0de4dbe0,DMA,1
2p-stages,0x0a051800,0x9800,0x0de573e0,DMA,1
2p-stages,0x0a05b000,0x9800,0x0de60be0,DMA,1
2p-stages,0x0a064800,0x9800,0x0de6a3e0,DMA,1
2p-stages,0x0a06e000,0x9800,0x0de73be0,DMA,1
2p-stages,0x0a077800,0x9800,0x0de7d3e0,DMA,1
2p-stages,0x0a081000,0x4800,0x0de86be0,DMA,1
2p-stages,0x0a085800,0x9800,0x0de4dbe0,DMA,1
2p-stages,0x0a08f000,0x9800,0x0de573e0,DMA,1
2p-stages,0x0a098800,0x9800,0x0de60be0,DMA,1
2p-stages,0x0a0a2000,0x9800,0x0de6a3e0,DMA,1
2p-stages,0x0a0ab800,0x9800,0x0de73be0,DMA,1
2p-stages,0x0a0b5000,0x9800,0x0de7d3e0,DMA,1
2p-stages,0x0a0be800,0x4800,0x0de86be0,DMA,1
2p-stages,0x0a0c3000,0x9800,0x0de4dbe0,DMA,1
2p-stages,0x0a0cc800,0x9800,0x0de573e0,DMA,1
2p-stages,0x0a0d6000,0x9800,0x0de60be0,DMA,1
2p-stages,0x0a0df800,0x9800,0x0de6a3e0,DMA,1
2p-stages,0x0a0e9000,0x9800,0x0de73be0,DMA,1
2p-stages,0x0a0f2800,0x9800,0x0de7d3e0,DMA,1
2p-stages,0x0a0fc000,0x4800,0x0de86be0,DMA,1
2p-stages,0x0a100800,0x9800,0x0de4dbe0,DMA,1
2p-stages,0x0a10a000,0x9800,0x0de573e0,DMA,1
2p-stages,0x0a113800,0x9800,0x0de60be0,DMA,1
2p-stages,0x0a11d000,0x9800,0x0de6a3e0,DMA,1
2p-stages,0x0a126800,0x9800,0x0de73be0,DMA,1
2p-stages,0x0a130000,0x9800,0x0de7d3e0,DMA,1
2p-stages,0x0a139800,0x4800,0x0de86be0,DMA,1
2p-stages,0x0a13e000,0x9800,0x0de4dbe0,DMA,1
2p-stages,0x0a147800,0x9800,0x0de573e0,DMA,1
2p-stages,0x0a151000,0x9800,0x0de60be0,DMA,1
2p-stages,0x0a15a800,0x9800,0x0de6a3e0,DMA,1
2p-stages,0x0a164000,0x9800,0x0de73be0,DMA,1
2p-stages,0x0a16d800,0x9800,0x0de7d3e0,DMA,1
2p-stages,0x0a177000,0x4800,0x0de86be0,DMA,1
2p-stages,0x0a17b800,0x9800,0x0de4dbe0,DMA,1
2p-stages,0x0a185000,0x9800,0x0de573e0,DMA,1
2p-stages,0x0a18e800,0x9800,0x0de60be0,DMA,1
2p-stages,0x0a198000,0x9800,0x0de6a3e0,DMA,1
char-mika,0x0a1a1800,0x9800,0x0de73be0,DMA,1
char-mika,0x0a1ab000,0x9800,0x0de7d3e0,DMA,1
char-mika,0x0a1b4800,0x4800,0x0de86be0,DMA,1
char-mika,0x0a1b9000,0x9800,0x0de4dbe0,DMA,1
char-mika,0x0a1c2800,0x9800,0x0de573e0,DMA,1
char-mika,0x0a1cc000,0x9800,0x0de60be0,DMA,1
char-mika,0x0a1d5800,0x9800,0x0de6a3e0,DMA,1
char-mika,0x0a1df000,0x9800,0x0de73be0,DMA,1
char-mika,0x0a1e8800,0x9800,0x0de7d3e0,DMA,1
char-mika,0x0a1f2000,0x4800,0x0de86be0,DMA,1
char-mika,0x0a1f6800,0x9800,0x0de4dbe0,DMA,1
char-mika,0x0a200000,0x9800,0x0de573e0,DMA,1
char-mika,0x0a209800,0x9800,0x0de60be0,DMA,1
char-mika,0x0a213000,0x9800,0x0de6a3e0,DMA,1
char-mika,0x0a21c800,0x9800,0x0de73be0,DMA,1
char-mika,0x0a226000,0x9800,0x0de7d3e0,DMA,1
char-mika,0x0a22f800,0x4800,0x0de86be0,DMA,1
char-mika,0x0a234000,0x9800,0x0de4dbe0,DMA,1
char-mika,0x0a23d800,0x9800,0x0de573e0,DMA,1
char-mika,0x0a247000,0x9800,0x0de60be0,DMA,1
char-mika,0x0a250800,0x9800,0x0de6a3e0,DMA,1
char-mika,0x0a25a000,0x9800,0x0de73be0,DMA,1
char-mika,0x0a263800,0x9800,0x0de7d3e0,DMA,1
char-mika,0x0a26d000,0x4800,0x0de86be0,DMA,1
char-mika,0x0a271800,0x9800,0x0de4dbe0,DMA,1
char-mika,0x0a27b000,0x9800,0x0de573e0,DMA,1
char-mika,0x0a284800,0x9800,0x0de60be0,DMA,1
char-mika,0x0a28e000,0x9800,0x0de6a3e0,DMA,1
char-mika,0x0a297800,0x9800,0x0de73be0,DMA,1
char-mika,0x0a2a1000,0x9800,0x0de7d3e0,DMA,1
char-mika,0x0a2aa800,0x4800,0x0de86be0,DMA,1
char-mika,0x0a2af000,0x9800,0x0de4dbe0,DMA,1
char-mika,0x0a2b8800,0x9800,0x0de573e0,DMA,1
2p-stages,0x0a6fd800,0xc800,0x0de4dbe0,DMA,1
2p-stages,0x0a70a000,0x31000,0x0de5a3e0,DMA,1
2p-stages,0x0a73b000,0x9800,0x0de4dbe0,DMA,1
2p-stages,0x0a744800,0x9800,0x0de573e0,DMA,1
2p-stages,0x0a74e000,0x9800,0x0de60be0,DMA,1
2p-stages,0x0a757800,0x9800,0x0de6a3e0,DMA,1
2p-stages,0x0a761000,0x9800,0x0de73be0,DMA,1
2p-stages,0x0a76a800,0x9800,0x0de7d3e0,DMA,1
2p-stages,0x0a774000,0x4800,0x0de86be0,DMA,1
2p-stages,0x0a778800,0x9800,0x0de4dbe0,DMA,1
2p-stages,0x0a782000,0x9800,0x0de573e0,DMA,1
2p-stages,0x0a78b800,0x9800,0x0de60be0,DMA,1
2p-stages,0x0a795000,0x9800,0x0de6a3e0,DMA,1
2p-stages,0x0a79e800,0x9800,0x0de73be0,DMA,1
2p-stages,0x0a7a8000,0x9800,0x0de7d3e0,DMA,1
2p-stages,0x0a7b1800,0x4800,0x0de86be0,DMA,1
2p-stages,0x0a7b6000,0x9800,0x0de4dbe0,DMA,1
2p-stages,0x0a7bf800,0x9800,0x0de573e0,DMA,1
2p-stages,0x0a7c9000,0x9800,0x0de60be0,DMA,1
2p-stages,0x0a7d2800,0x9800,0x0de6a3e0,DMA,1
2p-stages,0x0a7dc000,0x9800,0x0de73be0,DMA,1
char-baek,0x0a7e5800,0x9800,0x0de7d3e0,DMA,1
char-baek,0x0a7ef000,0x4800,0x0de86be0,DMA,1
char-baek,0x0a7f3800,0x9800,0x0de4dbe0,DMA,1
char-baek,0x0a7fd000,0x9800,0x0de573e0,DMA,1
char-baek,0x0a806800,0x9800,0x0de60be0,DMA,1
char-mika,0x0a810000,0x9800,0x0de6a3e0,DMA,1
char-mika,0x0a819800,0x9800,0x0de73be0,DMA,1
char-mika,0x0a823000,0x9800,0x0de7d3e0,DMA,1
char-mika,0x0a82c800,0x4800,0x0de86be0,DMA,1
char-mika,0x0a831000,0x9800,0x0de4dbe0,DMA,1
char-sakurako,0x0a914800,0x9800,0x0ddc2960,DMA,1
char-sakurako,0x0a953000,0x7000,0x0ddc2960,DMA,1
char-karel,0x0a95a000,0xd8000,0x0da68980,DMA,1
char-ernula,0x0a95a000,0xd8000,0x0daaa4e0,DMA,1
char-lili,0x0a95a000,0xd8000,0x0daafb40,DMA,1
char-cuilan,0x0a95a000,0xd8000,0x0dab2cc0,DMA,1
char-baek,0x0a95a000,0xd8000,0x0dab3120,DMA,1
char-baek,0x0a95a000,0xd8000,0x0dab5c00,DMA,1
attract,0x0a95a000,0xd8000,0x0dab61c0,DMA,1
char-sakurako,0x0a95a000,0xd8000,0x0dab6ae0,DMA,1
2p-stages,0x0a95a000,0xd8000,0x0dac7880,DMA,1
char-sakurako,0x0a95a000,0xd8000,0x0db0bcc0,DMA,1
char-cuilan,0x0a95a000,0xd8000,0x0db13f60,DMA,1
char-fabian,0x0a95a000,0xd8000,0x0db19e20,DMA,1
char-ernula,0x0aa32000,0x174000,0x0d9b2300,DMA,1
2p-stages,0x0aa32000,0x174000,0x0d9ccac0,DMA,1
char-baek,0x0aa32000,0x174000,0x0da1d3e0,DMA,1
char-cuilan,0x0aa32000,0x174000,0x0da28840,DMA,1
char-mika,0x0aa32000,0x174000,0x0da2bd60,DMA,1
char-karel,0x0aba6000,0xc1800,0x0da068a0,DMA,1
char-ernula,0x0aba6000,0xc1800,0x0da48400,DMA,1
char-lili,0x0aba6000,0xc1800,0x0da4da60,DMA,1
char-karel,0x0aba6000,0xc1800,0x0da820c0,DMA,1
char-mika,0x0aba6000,0xc1800,0x0dac9f20,DMA,1
char-lili,0x0aba6000,0xc1800,0x0daca420,DMA,1
attract,0x0aba6000,0xc1800,0x0dacc560,DMA,1
2p-stages,0x0aba6000,0xc1800,0x0daccd40,DMA,1
attract,0x0aba6000,0xc1800,0x0daccf00,DMA,1
char-fabian,0x0aba6000,0xc1800,0x0dacd380,DMA,1
attract,0x0ac67800,0x112800,0x0da77ce0,DMA,1
2p-stages,0x0ac67800,0x112800,0x0da7bb40,DMA,1
attract,0x0ac67800,0x112800,0x0db320e0,DMA,1
attract,0x0ac67800,0x112800,0x0db3c8e0,DMA,1
attract,0x0ac67800,0x112800,0x0db4e8e0,DMA,1
2p-stages,0x0ad7a000,0x182000,0x0da00620,DMA,1
2p-stages,0x0aefc000,0x30e800,0x0d7cc380,DMA,1
2p-stages,0x0aefc000,0x30e800,0x0d882f80,DMA,1
char-mika,0x0aefc000,0x30e800,0x0d883880,DMA,1
2p-stages,0x0b20a800,0x28c000,0x0d902360,DMA,1
char-baek,0x0b496800,0x3be800,0x0d674d00,DMA,1
char-mika,0x0b496800,0x3be800,0x0d683880,DMA,1
2p-stages,0x0b496800,0x3be800,0x0d7c94a0,DMA,1
char-sakurako,0x0b496800,0x3be800,0x0d7cfc40,DMA,1
char-fabian,0x0b496800,0x3be800,0x0d7dd700,DMA,1
attract,0x0bea2000,0x15a000,0x0dc0aee0,DMA,1
2p-stages,0x0bffc000,0x25000,0x0dc1dee0,DMA,1
2p-stages,0x0bffc000,0x25000,0x0dc1e260,DMA,1
2p-stages,0x0bffc000,0x25000,0x0dc1e280,DMA,1
2p-stages,0x0bffc000,0x25000,0x0dc1e2a0,DMA,1
2p-stages,0x0bffc000,0x25000,0x0dc1e340,DMA,1
2p-stages,0x0bffc000,0x25000,0x0dc1e880,DMA,1
char-cuilan,0x0c021000,0x6800,0x0ddc2960,DMA,1
char-cuilan,0x0c027800,0x9000,0x0ddc2960,DMA,1
char-cuilan,0x0c030800,0xb800,0x0ddc2960,DMA,1
char-baek,0x0c11d000,0xc800,0x0dd7d020,DMA,1
char-baek,0x0c129800,0x3800,0x0dd89820,DMA,1
char-baek,0x0c12d000,0xc800,0x0dd7d020,DMA,1
char-baek,0x0c139800,0x6800,0x0dd89820,DMA,1
char-baek,0x0c140000,0x4800,0x0dd7d020,DMA,1
char-baek,0x0c144800,0xb000,0x0dd7d020,DMA,1
char-baek,0x0c14f800,0xc000,0x0dd7d020,DMA,1
char-baek,0x0c15b800,0x6800,0x0dd7d020,DMA,1
char-sakurako,0x0c205000,0x5800,0x0dd7d020,DMA,1
char-sakurako,0x0c20a800,0x8800,0x0dd7d020,DMA,1
char-sakurako,0x0c213000,0x2800,0x0dd7d020,DMA,1
char-cuilan,0x0c26d800,0x3800,0x0ddc2960,DMA,1
char-baek,0x0c271000,0x10800,0x0db65760,DMA,1
attract,0x0c271000,0x10800,0x0db65d20,DMA,1
attract,0x0c271000,0x10800,0x0db693e0,DMA,1
2p-stages,0x0c281800,0xc800,0x0de4dbe0,DMA,1
2p-stages,0x0c28e000,0x31000,0x0de5a3e0,DMA,1
2p-stages,0x0c2bf000,0x9800,0x0de4dbe0,DMA,1
2p-stages,0x0c2c8800,0x9800,0x0de573e0,DMA,1
2p-stages,0x0c2d2000,0x9800,0x0de60be0,DMA,1
2p-stages,0x0c2db800,0x9800,0x0de6a3e0,DMA,1
2p-stages,0x0c2e5000,0x9800,0x0de73be0,DMA,1
2p-stages,0x0c2ee800,0x9800,0x0de7d3e0,DMA,1
2p-stages,0x0c2f8000,0x4800,0x0de86be0,DMA,1
2p-stages,0x0c2fc800,0x9800,0x0de4dbe0,DMA,1
2p-stages,0x0c306000,0x9800,0x0de573e0,DMA,1
char-baek,0x0c30b000,0x9800,0x0de6c3e0,DMA,1
2p-stages,0x0c30f800,0x9800,0x0de60be0,DMA,1
char-baek,0x0c314800,0x9800,0x0de75be0,DMA,1
2p-stages,0x0c319000,0x9800,0x0de6a3e0,DMA,1
char-baek,0x0c31e000,0x9800,0x0de7f3e0,DMA,1
2p-stages,0x0c322800,0x9800,0x0de73be0,DMA,1
char-baek,0x0c327800,0x2800,0x0de88be0,DMA,1
char-baek,0x0c32a000,0x9800,0x0de4dbe0,DMA,1
2p-stages,0x0c32c000,0x9800,0x0de7d3e0,DMA,1
char-baek,0x0c333800,0x9800,0x0de573e0,DMA,1
2p-stages,0x0c335800,0x4800,0x0de86be0,DMA,1
2p-stages,0x0c33a000,0x9800,0x0de4dbe0,DMA,1
char-baek,0x0c33d000,0x9800,0x0de60be0,DMA,1
2p-stages,0x0c343800,0x9800,0x0de573e0,DMA,1
char-baek,0x0c346800,0x9800,0x0de6a3e0,DMA,1
2p-stages,0x0c34d000,0x9800,0x0de60be0,DMA,1
char-baek,0x0c350000,0x9800,0x0de73be0,DMA,1
2p-stages,0x0c356800,0x9800,0x0de6a3e0,DMA,1
char-baek,0x0c359800,0x9800,0x0de7d3e0,DMA,1
2p-stages,0x0c360000,0x9800,0x0de73be0,DMA,1
char-baek,0x0c363000,0x4800,0x0de86be0,DMA,1
char-baek,0x0c367800,0x9800,0x0de4dbe0,DMA,1
2p-stages,0x0c369800,0x9800,0x0de7d3e0,DMA,1
char-baek,0x0c371000,0x9800,0x0de573e0,DMA,1
2p-stages,0x0c373000,0x4800,0x0de86be0,DMA,1
2p-stages,0x0c377800,0x9800,0x0de4dbe0,DMA,1
char-baek,0x0c37a800,0x9800,0x0de60be0,DMA,1
2p-stages,0x0c381000,0x9800,0x0de573e0,DMA,1
char-baek,0x0c384000,0x9800,0x0de6a3e0,DMA,1
2p-stages,0x0c38a800,0x9800,0x0de60be0,DMA,1
char-baek,0x0c38d800,0x9800,0x0de73be0,DMA,1
2p-stages,0x0c394000,0x9800,0x0de6a3e0,DMA,1
char-baek,0x0c397000,0x9800,0x0de7d3e0,DMA,1
2p-stages,0x0c39d800,0x9800,0x0de73be0,DMA,1
char-baek,0x0c3a0800,0x4800,0x0de86be0,DMA,1
char-baek,0x0c3a5000,0x9800,0x0de4dbe0,DMA,1
2p-stages,0x0c3a7000,0x9800,0x0de7d3e0,DMA,1
char-baek,0x0c3ae800,0x9800,0x0de573e0,DMA,1
2p-stages,0x0c3b0800,0x4800,0x0de86be0,DMA,1
2p-stages,0x0c3b5000,0x9800,0x0de4dbe0,DMA,1
char-baek,0x0c3b8000,0x9800,0x0de60be0,DMA,1
2p-stages,0x0c3be800,0x9800,0x0de573e0,DMA,1
char-baek,0x0c3c1800,0x9800,0x0de6a3e0,DMA,1
2p-stages,0x0c3c8000,0x9800,0x0de60be0,DMA,1
char-baek,0x0c3cb000,0x9800,0x0de73be0,DMA,1
2p-stages,0x0c3d1800,0x9800,0x0de6a3e0,DMA,1
char-baek,0x0c3d4800,0x9800,0x0de7d3e0,DMA,1
2p-stages,0x0c3db000,0x9800,0x0de73be0,DMA,1
char-baek,0x0c3de000,0x4800,0x0de86be0,DMA,1
char-baek,0x0c3e2800,0x9800,0x0de4dbe0,DMA,1
2p-stages,0x0c3e4800,0x9800,0x0de7d3e0,DMA,1
char-baek,0x0c3ec000,0x9800,0x0de573e0,DMA,1
2p-stages,0x0c3ee000,0x4800,0x0de86be0,DMA,1
2p-stages,0x0c3f2800,0x9800,0x0de4dbe0,DMA,1
char-baek,0x0c3f5800,0x9800,0x0de60be0,DMA,1
2p-stages,0x0c3fc000,0x9800,0x0de573e0,DMA,1
char-baek,0x0c3ff000,0x9800,0x0de6a3e0,DMA,1
2p-stages,0x0c405800,0x9800,0x0de60be0,DMA,1
char-baek,0x0c408800,0x9800,0x0de73be0,DMA,1
2p-stages,0x0c40f000,0x9800,0x0de6a3e0,DMA,1
char-baek,0x0c412000,0x9800,0x0de7d3e0,DMA,1
2p-stages,0x0c418800,0x9800,0x0de73be0,DMA,1
char-baek,0x0c41b800,0x4800,0x0de86be0,DMA,1
char-baek,0x0c420000,0x9800,0x0de4dbe0,DMA,1
2p-stages,0x0c422000,0x9800,0x0de7d3e0,DMA,1
char-baek,0x0c429800,0x9800,0x0de573e0,DMA,1
2p-stages,0x0c42b800,0x4800,0x0de86be0,DMA,1
2p-stages,0x0c430000,0x9800,0x0de4dbe0,DMA,1
char-baek,0x0c433000,0x9800,0x0de60be0,DMA,1
2p-stages,0x0c439800,0x9800,0x0de573e0,DMA,1
char-baek,0x0c43c800,0x9800,0x0de6a3e0,DMA,1
2p-stages,0x0c443000,0x9800,0x0de60be0,DMA,1
char-baek,0x0c446000,0x9800,0x0de73be0,DMA,1
2p-stages,0x0c44c800,0x9800,0x0de6a3e0,DMA,1
char-baek,0x0c44f800,0x9800,0x0de7d3e0,DMA,1
2p-stages,0x0c456000,0x9800,0x0de73be0,DMA,1
char-baek,0x0c459000,0x4800,0x0de86be0,DMA,1
char-baek,0x0c45d800,0x9800,0x0de4dbe0,DMA,1
2p-stages,0x0c45f800,0x9800,0x0de7d3e0,DMA,1
char-baek,0x0c467000,0x9800,0x0de573e0,DMA,1
2p-stages,0x0c469000,0x4800,0x0de86be0,DMA,1
2p-stages,0x0c46d800,0x9800,0x0de4dbe0,DMA,1
char-baek,0x0c470800,0x9800,0x0de60be0,DMA,1
2p-stages,0x0c477000,0x9800,0x0de573e0,DMA,1
char-baek,0x0c47a000,0x9800,0x0de6a3e0,DMA,1
2p-stages,0x0c480800,0x9800,0x0de60be0,DMA,1
char-baek,0x0c483800,0x9800,0x0de73be0,DMA,1
2p-stages,0x0c48a000,0x9800,0x0de6a3e0,DMA,1
char-baek,0x0c48d000,0x9800,0x0de7d3e0,DMA,1
2p-stages,0x0c493800,0x9800,0x0de73be0,DMA,1
char-baek,0x0c496800,0x4800,0x0de86be0,DMA,1
char-baek,0x0c49b000,0x9800,0x0de4dbe0,DMA,1
2p-stages,0x0c49d000,0x9800,0x0de7d3e0,DMA,1
char-baek,0x0c4a4800,0x9800,0x0de573e0,DMA,1
2p-stages,0x0c4a6800,0x4800,0x0de86be0,DMA,1
2p-stages,0x0c4ab000,0x9800,0x0de4dbe0,DMA,1
char-baek,0x0c4ae000,0x9800,0x0de60be0,DMA,1
2p-stages,0x0c4b4800,0x9800,0x0de573e0,DMA,1
char-baek,0x0c4b7800,0x9800,0x0de6a3e0,DMA,1
2p-stages,0x0c4be000,0x9800,0x0de60be0,DMA,1
char-baek,0x0c4c1000,0x9800,0x0de73be0,DMA,1
2p-stages,0x0c4c7800,0x9800,0x0de6a3e0,DMA,1
char-baek,0x0c4ca800,0x9800,0x0de7d3e0,DMA,1
2p-stages,0x0c4d1000,0x9800,0x0de73be0,DMA,1
char-baek,0x0c4d4000,0x4800,0x0de86be0,DMA,1
char-baek,0x0c4d8800,0x9800,0x0de4dbe0,DMA,1
2p-stages,0x0c4da800,0x9800,0x0de7d3e0,DMA,1
char-baek,0x0c4e2000,0x9800,0x0de573e0,DMA,1
char-baek,0x0c4e4000,0x4800,0x0de86be0,DMA,1
char-baek,0x0c4e8800,0x9800,0x0de4dbe0,DMA,1
char-baek,0x0c4eb800,0x9800,0x0de60be0,DMA,1
char-baek,0x0c4f2000,0x9800,0x0de573e0,DMA,1
char-baek,0x0c4f5000,0x9800,0x0de6a3e0,DMA,1
char-baek,0x0c4fb800,0x9800,0x0de60be0,DMA,1
char-baek,0x0c4fe800,0x9800,0x0de73be0,DMA,1
char-baek,0x0c505000,0x9800,0x0de6a3e0,DMA,1
char-baek,0x0c508000,0x9800,0x0de7d3e0,DMA,1
char-baek,0x0c50e800,0x9800,0x0de73be0,DMA,1
char-baek,0x0c511800,0x4800,0x0de86be0,DMA,1
char-baek,0x0c516000,0x9800,0x0de4dbe0,DMA,1
char-baek,0x0c518000,0x9800,0x0de7d3e0,DMA,1
char-baek,0x0c51f800,0x9800,0x0de573e0,DMA,1
char-baek,0x0c521800,0x4800,0x0de86be0,DMA,1
char-baek,0x0c526000,0x9800,0x0de4dbe0,DMA,1
char-baek,0x0c529000,0x9800,0x0de60be0,DMA,1
char-baek,0x0c52f800,0x9800,0x0de573e0,DMA,1
char-baek,0x0c532800,0x9800,0x0de6a3e0,DMA,1
char-baek,0x0c539000,0x9800,0x0de60be0,DMA,1
char-baek,0x0c53c000,0x9800,0x0de73be0,DMA,1
char-baek,0x0c542800,0x9800,0x0de6a3e0,DMA,1
char-baek,0x0c545800,0x9800,0x0de7d3e0,DMA,1
char-baek,0x0c54c000,0x9800,0x0de73be0,DMA,1
char-baek,0x0c54f000,0x4800,0x0de86be0,DMA,1
char-baek,0x0c553800,0x9800,0x0de4dbe0,DMA,1
char-baek,0x0c555800,0x9800,0x0de7d3e0,DMA,1
char-baek,0x0c55d000,0x9800,0x0de573e0,DMA,1
char-baek,0x0c55f000,0x4800,0x0de86be0,DMA,1
char-baek,0x0c563800,0x9800,0x0de4dbe0,DMA,1
char-baek,0x0c566800,0x9800,0x0de60be0,DMA,1
char-baek,0x0c56d000,0x9800,0x0de573e0,DMA,1
char-baek,0x0c570000,0x9800,0x0de6a3e0,DMA,1
char-baek,0x0c576800,0x9800,0x0de60be0,DMA,1
char-baek,0x0c579800,0x9800,0x0de73be0,DMA,1
char-baek,0x0c580000,0x9800,0x0de6a3e0,DMA,1
char-baek,0x0c583000,0x9800,0x0de7d3e0,DMA,1
char-baek,0x0c589800,0x9800,0x0de73be0,DMA,1
char-baek,0x0c58c800,0x4800,0x0de86be0,DMA,1
char-baek,0x0c591000,0x9800,0x0de4dbe0,DMA,1
char-baek,0x0c593000,0x9800,0x0de7d3e0,DMA,1
char-baek,0x0c59a800,0x9800,0x0de573e0,DMA,1
char-baek,0x0c59c800,0x4800,0x0de86be0,DMA,1
char-baek,0x0c5a1000,0x9800,0x0de4dbe0,DMA,1
char-baek,0x0c5a4000,0x9800,0x0de60be0,DMA,1
char-baek,0x0c5aa800,0x9800,0x0de573e0,DMA,1
char-baek,0x0c5ad800,0x9800,0x0de6a3e0,DMA,1
char-baek,0x0c5b4000,0x9800,0x0de60be0,DMA,1
char-baek,0x0c5bd800,0x9800,0x0de6a3e0,DMA,1
char-baek,0x0c5c7000,0x9800,0x0de73be0,DMA,1
char-baek,0x0c5d0800,0x9800,0x0de7d3e0,DMA,1
char-baek,0x0c5da000,0x4800,0x0de86be0,DMA,1
char-baek,0x0c5de800,0x9800,0x0de4dbe0,DMA,1
char-baek,0x0c5e8000,0x9800,0x0de573e0,DMA,1
char-baek,0x0c5f1800,0x9800,0x0de60be0,DMA,1
char-baek,0x0c5fb000,0x9800,0x0de6a3e0,DMA,1
char-baek,0x0c604800,0x9800,0x0de73be0,DMA,1
char-baek,0x0c60e000,0x9800,0x0de7d3e0,DMA,1
char-baek,0x0c617800,0x4800,0x0de86be0,DMA,1
char-baek,0x0c61c000,0x9800,0x0de4dbe0,DMA,1
char-baek,0x0c625800,0x9800,0x0de573e0,DMA,1
char-baek,0x0c62f000,0x9800,0x0de60be0,DMA,1
char-baek,0x0c638800,0x9800,0x0de6a3e0,DMA,1
char-baek,0x0c642000,0x9800,0x0de73be0,DMA,1
char-baek,0x0c64b800,0x9800,0x0de7d3e0,DMA,1
char-baek,0x0c655000,0x4800,0x0de86be0,DMA,1
char-baek,0x0c659800,0x9800,0x0de4dbe0,DMA,1
char-baek,0x0c663000,0x9800,0x0de573e0,DMA,1
char-baek,0x0c66c800,0x9800,0x0de60be0,DMA,1
char-baek,0x0c676000,0x2000,0x0de6a3e0,DMA,1
2p-stages,0x00000000,0x0,0x00000000,PIO,0
testmenu2,0x00001ff8,0x0,0x00000000,PIO,0
